[{"model": "admin.logentry", "pk": 1, "fields": {"action_time": "2023-05-22T04:48:40.172Z", "user": 1, "content_type": 7, "object_id": "1", "object_repr": "rezwanatech@gmail.com", "action_flag": 1, "change_message": "[{\"added\": {}}]"}}, {"model": "admin.logentry", "pk": 2, "fields": {"action_time": "2023-05-22T04:53:13.053Z", "user": 1, "content_type": 7, "object_id": "1", "object_repr": "rezwanatech@gmail.com", "action_flag": 2, "change_message": "[{\"changed\": {\"fields\": [\"Profile picture\", \"Cover photo\", \"Address\", \"Country\"]}}]"}}, {"model": "admin.logentry", "pk": 3, "fields": {"action_time": "2023-05-23T23:11:40.159Z", "user": 1, "content_type": 7, "object_id": "1", "object_repr": "rezwanatech@gmail.com", "action_flag": 2, "change_message": "[{\"changed\": {\"fields\": [\"Profile picture\"]}}]"}}, {"model": "admin.logentry", "pk": 4, "fields": {"action_time": "2023-05-24T00:07:23.474Z", "user": 1, "content_type": 6, "object_id": "2", "object_repr": "", "action_flag": 1, "change_message": "[{\"added\": {}}]"}}, {"model": "admin.logentry", "pk": 5, "fields": {"action_time": "2023-05-24T00:12:27.278Z", "user": 1, "content_type": 6, "object_id": "2", "object_repr": "", "action_flag": 3, "change_message": ""}}, {"model": "admin.logentry", "pk": 6, "fields": {"action_time": "2023-05-24T00:12:56.114Z", "user": 1, "content_type": 6, "object_id": "3", "object_repr": "", "action_flag": 1, "change_message": "[{\"added\": {}}]"}}, {"model": "admin.logentry", "pk": 7, "fields": {"action_time": "2023-05-24T00:14:47.693Z", "user": 1, "content_type": 6, "object_id": "3", "object_repr": "test@yahoo.com", "action_flag": 2, "change_message": "[{\"changed\": {\"fields\": [\"First name\", \"Last name\", \"Email\", \"Phone number\"]}}]"}}, {"model": "admin.logentry", "pk": 8, "fields": {"action_time": "2023-05-24T01:45:15.825Z", "user": 1, "content_type": 6, "object_id": "4", "object_repr": "", "action_flag": 1, "change_message": "[{\"added\": {}}]"}}, {"model": "admin.logentry", "pk": 9, "fields": {"action_time": "2023-05-26T14:12:25.925Z", "user": 1, "content_type": 7, "object_id": "4", "object_repr": "Joey@yahoo.com", "action_flag": 1, "change_message": "[{\"added\": {}}]"}}, {"model": "admin.logentry", "pk": 10, "fields": {"action_time": "2023-05-26T14:34:28.499Z", "user": 1, "content_type": 6, "object_id": "32", "object_repr": "bub@yahoo.com", "action_flag": 3, "change_message": ""}}, {"model": "admin.logentry", "pk": 11, "fields": {"action_time": "2023-05-27T01:57:34.321Z", "user": 1, "content_type": 8, "object_id": "2", "object_repr": "Joey", "action_flag": 1, "change_message": "[{\"added\": {}}]"}}, {"model": "admin.logentry", "pk": 12, "fields": {"action_time": "2023-05-27T05:01:29.020Z", "user": 1, "content_type": 6, "object_id": "5", "object_repr": "rajib@yahoo.com", "action_flag": 2, "change_message": "[{\"changed\": {\"fields\": [\"Is active\"]}}]"}}, {"model": "admin.logentry", "pk": 13, "fields": {"action_time": "2023-05-27T05:05:01.610Z", "user": 1, "content_type": 6, "object_id": "31", "object_repr": "lulu@gmail.com", "action_flag": 3, "change_message": ""}}, {"model": "admin.logentry", "pk": 14, "fields": {"action_time": "2023-05-27T05:05:01.615Z", "user": 1, "content_type": 6, "object_id": "30", "object_repr": "millo@yahoo.com", "action_flag": 3, "change_message": ""}}, {"model": "admin.logentry", "pk": 15, "fields": {"action_time": "2023-05-27T05:05:01.618Z", "user": 1, "content_type": 6, "object_id": "29", "object_repr": "maildf@yahoo.com", "action_flag": 3, "change_message": ""}}, {"model": "admin.logentry", "pk": 16, "fields": {"action_time": "2023-05-27T05:05:01.621Z", "user": 1, "content_type": 6, "object_id": "28", "object_repr": "rahu@yahoo.com", "action_flag": 3, "change_message": ""}}, {"model": "admin.logentry", "pk": 17, "fields": {"action_time": "2023-05-27T05:05:01.624Z", "user": 1, "content_type": 6, "object_id": "27", "object_repr": "iftekhar@gmail.com", "action_flag": 3, "change_message": ""}}, {"model": "admin.logentry", "pk": 18, "fields": {"action_time": "2023-05-27T05:05:01.626Z", "user": 1, "content_type": 6, "object_id": "26", "object_repr": "paro@gmail.com", "action_flag": 3, "change_message": ""}}, {"model": "admin.logentry", "pk": 19, "fields": {"action_time": "2023-05-27T05:05:01.629Z", "user": 1, "content_type": 6, "object_id": "25", "object_repr": "patoy@yahoo.com", "action_flag": 3, "change_message": ""}}, {"model": "admin.logentry", "pk": 20, "fields": {"action_time": "2023-05-27T05:05:01.632Z", "user": 1, "content_type": 6, "object_id": "24", "object_repr": "Joey@yahoo.com", "action_flag": 3, "change_message": ""}}, {"model": "admin.logentry", "pk": 21, "fields": {"action_time": "2023-05-27T05:05:01.635Z", "user": 1, "content_type": 6, "object_id": "23", "object_repr": "nobi@yahoo.com", "action_flag": 3, "change_message": ""}}, {"model": "admin.logentry", "pk": 22, "fields": {"action_time": "2023-05-27T05:05:01.637Z", "user": 1, "content_type": 6, "object_id": "22", "object_repr": "tea@hotmail.com", "action_flag": 3, "change_message": ""}}, {"model": "admin.logentry", "pk": 23, "fields": {"action_time": "2023-05-27T05:05:01.640Z", "user": 1, "content_type": 6, "object_id": "21", "object_repr": "testtest@gamil.ocm", "action_flag": 3, "change_message": ""}}, {"model": "admin.logentry", "pk": 24, "fields": {"action_time": "2023-05-27T05:05:01.643Z", "user": 1, "content_type": 6, "object_id": "20", "object_repr": "lalalala@yahoo.com", "action_flag": 3, "change_message": ""}}, {"model": "admin.logentry", "pk": 25, "fields": {"action_time": "2023-05-27T05:05:01.647Z", "user": 1, "content_type": 6, "object_id": "19", "object_repr": "gore@yajoo.com", "action_flag": 3, "change_message": ""}}, {"model": "admin.logentry", "pk": 26, "fields": {"action_time": "2023-05-27T05:05:01.649Z", "user": 1, "content_type": 6, "object_id": "18", "object_repr": "deja@yahoo.com", "action_flag": 3, "change_message": ""}}, {"model": "admin.logentry", "pk": 27, "fields": {"action_time": "2023-05-27T05:05:01.652Z", "user": 1, "content_type": 6, "object_id": "17", "object_repr": "paul9@yahoo.com", "action_flag": 3, "change_message": ""}}, {"model": "admin.logentry", "pk": 28, "fields": {"action_time": "2023-05-27T05:05:01.655Z", "user": 1, "content_type": 6, "object_id": "16", "object_repr": "zaidzaman@yahoo.com", "action_flag": 3, "change_message": ""}}, {"model": "admin.logentry", "pk": 29, "fields": {"action_time": "2023-05-27T05:05:01.657Z", "user": 1, "content_type": 6, "object_id": "15", "object_repr": "rezmay2022@gmail.com", "action_flag": 3, "change_message": ""}}, {"model": "admin.logentry", "pk": 30, "fields": {"action_time": "2023-05-27T05:05:01.660Z", "user": 1, "content_type": 6, "object_id": "14", "object_repr": "bublirafa@yahoo.com", "action_flag": 3, "change_message": ""}}, {"model": "admin.logentry", "pk": 31, "fields": {"action_time": "2023-05-27T05:05:01.663Z", "user": 1, "content_type": 6, "object_id": "13", "object_repr": "testsul@yahoo.com", "action_flag": 3, "change_message": ""}}, {"model": "admin.logentry", "pk": 32, "fields": {"action_time": "2023-05-27T05:05:01.665Z", "user": 1, "content_type": 6, "object_id": "12", "object_repr": "mlil@yahoo.com", "action_flag": 3, "change_message": ""}}, {"model": "admin.logentry", "pk": 33, "fields": {"action_time": "2023-05-27T05:05:01.669Z", "user": 1, "content_type": 6, "object_id": "11", "object_repr": "bab@yahoo.com", "action_flag": 3, "change_message": ""}}, {"model": "admin.logentry", "pk": 34, "fields": {"action_time": "2023-05-27T05:05:01.671Z", "user": 1, "content_type": 6, "object_id": "10", "object_repr": "testuser@yahoo.com", "action_flag": 3, "change_message": ""}}, {"model": "admin.logentry", "pk": 35, "fields": {"action_time": "2023-05-27T05:05:01.674Z", "user": 1, "content_type": 6, "object_id": "9", "object_repr": "farah@gmail.com", "action_flag": 3, "change_message": ""}}, {"model": "admin.logentry", "pk": 36, "fields": {"action_time": "2023-05-27T05:05:01.677Z", "user": 1, "content_type": 6, "object_id": "8", "object_repr": "yashira@gmail.com", "action_flag": 3, "change_message": ""}}, {"model": "admin.logentry", "pk": 37, "fields": {"action_time": "2023-05-27T05:05:01.680Z", "user": 1, "content_type": 6, "object_id": "7", "object_repr": "ayana@gmail.com", "action_flag": 3, "change_message": ""}}, {"model": "admin.logentry", "pk": 38, "fields": {"action_time": "2023-05-27T05:05:01.683Z", "user": 1, "content_type": 6, "object_id": "6", "object_repr": "zaid@yahoo.com", "action_flag": 3, "change_message": ""}}, {"model": "admin.logentry", "pk": 39, "fields": {"action_time": "2023-05-27T05:05:01.686Z", "user": 1, "content_type": 6, "object_id": "4", "object_repr": "", "action_flag": 3, "change_message": ""}}, {"model": "admin.logentry", "pk": 40, "fields": {"action_time": "2023-05-27T14:52:53.346Z", "user": 1, "content_type": 8, "object_id": "4", "object_repr": "testerpy", "action_flag": 2, "change_message": "[{\"changed\": {\"fields\": [\"Is approved\"]}}]"}}, {"model": "admin.logentry", "pk": 41, "fields": {"action_time": "2023-05-27T14:58:42.516Z", "user": 1, "content_type": 6, "object_id": "35", "object_repr": "bulli@yahoo.com", "action_flag": 2, "change_message": "[{\"changed\": {\"fields\": [\"Is active\"]}}]"}}, {"model": "admin.logentry", "pk": 42, "fields": {"action_time": "2023-05-27T14:59:58.188Z", "user": 1, "content_type": 6, "object_id": "34", "object_repr": "testerpy@yahoo.com", "action_flag": 2, "change_message": "[{\"changed\": {\"fields\": [\"Is active\"]}}]"}}, {"model": "admin.logentry", "pk": 43, "fields": {"action_time": "2023-05-28T14:54:09.620Z", "user": 1, "content_type": 6, "object_id": "36", "object_repr": "rezmay2022@gmail.com", "action_flag": 3, "change_message": ""}}, {"model": "admin.logentry", "pk": 44, "fields": {"action_time": "2023-05-28T15:03:28.244Z", "user": 1, "content_type": 6, "object_id": "37", "object_repr": "bublirafa@yahoo.com", "action_flag": 3, "change_message": ""}}, {"model": "admin.logentry", "pk": 45, "fields": {"action_time": "2023-05-28T15:03:28.250Z", "user": 1, "content_type": 6, "object_id": "35", "object_repr": "bulli@yahoo.com", "action_flag": 3, "change_message": ""}}, {"model": "admin.logentry", "pk": 46, "fields": {"action_time": "2023-05-28T15:03:28.253Z", "user": 1, "content_type": 6, "object_id": "34", "object_repr": "testerpy@yahoo.com", "action_flag": 3, "change_message": ""}}, {"model": "admin.logentry", "pk": 47, "fields": {"action_time": "2023-05-28T15:03:28.256Z", "user": 1, "content_type": 6, "object_id": "33", "object_repr": "test4@yahoo.com", "action_flag": 3, "change_message": ""}}, {"model": "admin.logentry", "pk": 48, "fields": {"action_time": "2023-05-28T15:03:28.259Z", "user": 1, "content_type": 6, "object_id": "5", "object_repr": "rajib@yahoo.com", "action_flag": 3, "change_message": ""}}, {"model": "admin.logentry", "pk": 49, "fields": {"action_time": "2023-05-28T15:03:28.262Z", "user": 1, "content_type": 6, "object_id": "3", "object_repr": "test@yahoo.com", "action_flag": 3, "change_message": ""}}, {"model": "admin.logentry", "pk": 50, "fields": {"action_time": "2023-05-28T16:08:01.650Z", "user": 1, "content_type": 6, "object_id": "39", "object_repr": "testuserlala7@gmail.com", "action_flag": 3, "change_message": ""}}, {"model": "admin.logentry", "pk": 51, "fields": {"action_time": "2023-05-28T16:08:01.654Z", "user": 1, "content_type": 6, "object_id": "38", "object_repr": "rezmay2022@gmail.com", "action_flag": 3, "change_message": ""}}, {"model": "admin.logentry", "pk": 52, "fields": {"action_time": "2023-05-28T16:10:40.767Z", "user": 1, "content_type": 6, "object_id": "40", "object_repr": "testuserlala7@gmail.com", "action_flag": 3, "change_message": ""}}, {"model": "admin.logentry", "pk": 53, "fields": {"action_time": "2023-05-28T16:13:05.070Z", "user": 1, "content_type": 6, "object_id": "41", "object_repr": "rezmay2022@gmail.com", "action_flag": 3, "change_message": ""}}, {"model": "admin.logentry", "pk": 54, "fields": {"action_time": "2023-05-28T16:15:50.753Z", "user": 1, "content_type": 6, "object_id": "42", "object_repr": "testuserlala7@gmail.com", "action_flag": 3, "change_message": ""}}, {"model": "admin.logentry", "pk": 55, "fields": {"action_time": "2023-05-28T16:17:23.373Z", "user": 1, "content_type": 6, "object_id": "43", "object_repr": "rezmay2022@gmail.com", "action_flag": 3, "change_message": ""}}, {"model": "admin.logentry", "pk": 56, "fields": {"action_time": "2023-05-28T16:22:26.813Z", "user": 1, "content_type": 6, "object_id": "44", "object_repr": "testuserlala7@gmail.com", "action_flag": 3, "change_message": ""}}, {"model": "admin.logentry", "pk": 57, "fields": {"action_time": "2023-05-28T16:46:58.490Z", "user": 1, "content_type": 6, "object_id": "45", "object_repr": "farahnahid113@gmail.com", "action_flag": 3, "change_message": ""}}, {"model": "admin.logentry", "pk": 58, "fields": {"action_time": "2023-05-29T15:02:15.768Z", "user": 1, "content_type": 7, "object_id": "22", "object_repr": "malikbrew@gmail.com", "action_flag": 2, "change_message": "[{\"changed\": {\"fields\": [\"Profile picture\", \"Cover photo\", \"Address\", \"Country\", \"State\", \"City\", \"Zip code\"]}}]"}}, {"model": "admin.logentry", "pk": 59, "fields": {"action_time": "2023-06-01T18:44:52.284Z", "user": 1, "content_type": 9, "object_id": "1", "object_repr": "Burgers", "action_flag": 1, "change_message": "[{\"added\": {}}]"}}, {"model": "admin.logentry", "pk": 60, "fields": {"action_time": "2023-06-01T18:51:05.506Z", "user": 1, "content_type": 9, "object_id": "2", "object_repr": "chiken wings", "action_flag": 1, "change_message": "[{\"added\": {}}]"}}, {"model": "admin.logentry", "pk": 61, "fields": {"action_time": "2023-06-01T18:51:14.332Z", "user": 1, "content_type": 9, "object_id": "1", "object_repr": "Burgers", "action_flag": 3, "change_message": ""}}, {"model": "admin.logentry", "pk": 62, "fields": {"action_time": "2023-06-01T23:35:04.998Z", "user": 1, "content_type": 9, "object_id": "3", "object_repr": "Burgers", "action_flag": 1, "change_message": "[{\"added\": {}}]"}}, {"model": "admin.logentry", "pk": 63, "fields": {"action_time": "2023-06-01T23:55:48.137Z", "user": 1, "content_type": 10, "object_id": "1", "object_repr": "Beef Burger", "action_flag": 1, "change_message": "[{\"added\": {}}]"}}, {"model": "admin.logentry", "pk": 64, "fields": {"action_time": "2023-06-03T14:51:27.686Z", "user": 1, "content_type": 10, "object_id": "2", "object_repr": "Spicy Chicken pizza", "action_flag": 1, "change_message": "[{\"added\": {}}]"}}, {"model": "admin.logentry", "pk": 65, "fields": {"action_time": "2023-06-06T02:20:56.603Z", "user": 1, "content_type": 8, "object_id": "5", "object_repr": "Brew Hall test", "action_flag": 2, "change_message": "[{\"changed\": {\"fields\": [\"Vendor slug\"]}}]"}}, {"model": "admin.logentry", "pk": 66, "fields": {"action_time": "2023-06-06T02:21:15.708Z", "user": 1, "content_type": 8, "object_id": "8", "object_repr": "First Restaurant", "action_flag": 2, "change_message": "[{\"changed\": {\"fields\": [\"Vendor slug\"]}}]"}}, {"model": "admin.logentry", "pk": 67, "fields": {"action_time": "2023-06-06T02:21:25.509Z", "user": 1, "content_type": 8, "object_id": "5", "object_repr": "Brew Hall test", "action_flag": 2, "change_message": "[{\"changed\": {\"fields\": [\"Vendor slug\"]}}]"}}, {"model": "admin.logentry", "pk": 68, "fields": {"action_time": "2023-06-06T02:22:10.507Z", "user": 1, "content_type": 8, "object_id": "6", "object_repr": "ABC Restaurant", "action_flag": 2, "change_message": "[{\"changed\": {\"fields\": [\"Vendor slug\"]}}]"}}, {"model": "admin.logentry", "pk": 69, "fields": {"action_time": "2023-06-06T02:22:24.509Z", "user": 1, "content_type": 8, "object_id": "7", "object_repr": "cracker Barrel", "action_flag": 2, "change_message": "[{\"changed\": {\"fields\": [\"Vendor slug\"]}}]"}}, {"model": "admin.logentry", "pk": 70, "fields": {"action_time": "2023-06-06T02:22:30.723Z", "user": 1, "content_type": 8, "object_id": "8", "object_repr": "First Restaurant", "action_flag": 2, "change_message": "[]"}}, {"model": "admin.logentry", "pk": 71, "fields": {"action_time": "2023-06-06T02:22:49.294Z", "user": 1, "content_type": 8, "object_id": "9", "object_repr": "QWED Restaurant", "action_flag": 2, "change_message": "[{\"changed\": {\"fields\": [\"Vendor slug\"]}}]"}}, {"model": "admin.logentry", "pk": 72, "fields": {"action_time": "2023-06-06T03:12:58.870Z", "user": 1, "content_type": 8, "object_id": "5", "object_repr": "Brew Hall test", "action_flag": 2, "change_message": "[]"}}, {"model": "admin.logentry", "pk": 73, "fields": {"action_time": "2023-06-07T01:36:30.657Z", "user": 1, "content_type": 11, "object_id": "5", "object_repr": "Cart object (5)", "action_flag": 3, "change_message": ""}}, {"model": "admin.logentry", "pk": 74, "fields": {"action_time": "2023-06-07T01:36:30.667Z", "user": 1, "content_type": 11, "object_id": "4", "object_repr": "Cart object (4)", "action_flag": 3, "change_message": ""}}, {"model": "admin.logentry", "pk": 75, "fields": {"action_time": "2023-06-07T01:36:30.671Z", "user": 1, "content_type": 11, "object_id": "3", "object_repr": "Cart object (3)", "action_flag": 3, "change_message": ""}}, {"model": "admin.logentry", "pk": 76, "fields": {"action_time": "2023-06-07T01:36:30.674Z", "user": 1, "content_type": 11, "object_id": "2", "object_repr": "Cart object (2)", "action_flag": 3, "change_message": ""}}, {"model": "admin.logentry", "pk": 77, "fields": {"action_time": "2023-06-07T01:36:30.677Z", "user": 1, "content_type": 11, "object_id": "1", "object_repr": "Cart object (1)", "action_flag": 3, "change_message": ""}}, {"model": "admin.logentry", "pk": 78, "fields": {"action_time": "2023-06-08T05:34:11.840Z", "user": 1, "content_type": 7, "object_id": "27", "object_repr": "qwed@gmail.com", "action_flag": 2, "change_message": "[{\"changed\": {\"fields\": [\"Location\"]}}]"}}, {"model": "admin.logentry", "pk": 79, "fields": {"action_time": "2023-06-08T05:34:41.851Z", "user": 1, "content_type": 7, "object_id": "22", "object_repr": "malikbrew@gmail.com", "action_flag": 2, "change_message": "[{\"changed\": {\"fields\": [\"Location\"]}}]"}}, {"model": "admin.logentry", "pk": 80, "fields": {"action_time": "2023-06-08T05:35:43.196Z", "user": 1, "content_type": 7, "object_id": "22", "object_repr": "malikbrew@gmail.com", "action_flag": 2, "change_message": "[{\"changed\": {\"fields\": [\"Location\"]}}]"}}, {"model": "admin.logentry", "pk": 81, "fields": {"action_time": "2023-06-08T05:45:19.073Z", "user": 1, "content_type": 7, "object_id": "25", "object_repr": "pizzaworld@gmail.com", "action_flag": 2, "change_message": "[{\"changed\": {\"fields\": [\"Location\"]}}]"}}, {"model": "admin.logentry", "pk": 82, "fields": {"action_time": "2023-06-08T05:54:20.838Z", "user": 1, "content_type": 7, "object_id": "28", "object_repr": "cavacava@gmail.com", "action_flag": 2, "change_message": "[{\"changed\": {\"fields\": [\"Location\"]}}]"}}, {"model": "admin.logentry", "pk": 83, "fields": {"action_time": "2023-06-09T13:46:32.514Z", "user": 1, "content_type": 7, "object_id": "22", "object_repr": "malikbrew@gmail.com", "action_flag": 2, "change_message": "[{\"changed\": {\"fields\": [\"Profile picture\"]}}]"}}, {"model": "admin.logentry", "pk": 84, "fields": {"action_time": "2023-06-09T13:47:32.982Z", "user": 1, "content_type": 7, "object_id": "24", "object_repr": "craker@gamil.com", "action_flag": 2, "change_message": "[{\"changed\": {\"fields\": [\"Profile picture\", \"Cover photo\"]}}]"}}, {"model": "admin.logentry", "pk": 85, "fields": {"action_time": "2023-06-09T13:48:03.242Z", "user": 1, "content_type": 7, "object_id": "27", "object_repr": "qwed@gmail.com", "action_flag": 2, "change_message": "[{\"changed\": {\"fields\": [\"Profile picture\", \"Cover photo\"]}}]"}}, {"model": "admin.logentry", "pk": 86, "fields": {"action_time": "2023-06-09T13:48:29.718Z", "user": 1, "content_type": 7, "object_id": "23", "object_repr": "abc@foodonline.com", "action_flag": 2, "change_message": "[{\"changed\": {\"fields\": [\"Profile picture\", \"Cover photo\"]}}]"}}, {"model": "admin.logentry", "pk": 87, "fields": {"action_time": "2023-06-11T13:23:18.290Z", "user": 1, "content_type": 13, "object_id": "1", "object_repr": "f4a4ba5c03d9fda6d15ea89a44de30faa9551135", "action_flag": 1, "change_message": "[{\"added\": {}}]"}}, {"model": "admin.logentry", "pk": 88, "fields": {"action_time": "2023-06-11T13:45:15.555Z", "user": 1, "content_type": 13, "object_id": "47", "object_repr": "cd457871d48cc4e12653b55220acafa59ce11642", "action_flag": 1, "change_message": "[{\"added\": {}}]"}}, {"model": "admin.logentry", "pk": 89, "fields": {"action_time": "2023-06-11T17:51:44.312Z", "user": 1, "content_type": 7, "object_id": "21", "object_repr": "ayana07@yahoo.com", "action_flag": 2, "change_message": "[{\"changed\": {\"fields\": [\"Profile picture\", \"Address\", \"Country\", \"State\", \"City\", \"Zip code\"]}}]"}}, {"model": "admin.logentry", "pk": 90, "fields": {"action_time": "2023-06-12T00:32:22.166Z", "user": 1, "content_type": 13, "object_id": "48", "object_repr": "3f1fc8ba97237e6f255b25b99474254bf960814c", "action_flag": 1, "change_message": "[{\"added\": {}}]"}}, {"model": "admin.logentry", "pk": 91, "fields": {"action_time": "2023-06-12T13:25:11.762Z", "user": 1, "content_type": 7, "object_id": "21", "object_repr": "ayana07@yahoo.com", "action_flag": 2, "change_message": "[{\"changed\": {\"fields\": [\"Profile picture\"]}}]"}}, {"model": "admin.logentry", "pk": 92, "fields": {"action_time": "2023-06-14T02:58:27.304Z", "user": 1, "content_type": 6, "object_id": "60", "object_repr": "rty@gmail.com", "action_flag": 3, "change_message": ""}}, {"model": "admin.logentry", "pk": 93, "fields": {"action_time": "2023-06-14T02:58:27.352Z", "user": 1, "content_type": 6, "object_id": "59", "object_repr": "sadi@gmail.com", "action_flag": 3, "change_message": ""}}, {"model": "admin.logentry", "pk": 94, "fields": {"action_time": "2023-06-14T02:58:27.355Z", "user": 1, "content_type": 6, "object_id": "58", "object_repr": "sumo@gmail.com", "action_flag": 3, "change_message": ""}}, {"model": "admin.logentry", "pk": 95, "fields": {"action_time": "2023-06-14T02:58:27.358Z", "user": 1, "content_type": 6, "object_id": "56", "object_repr": "wix@gmail.com", "action_flag": 3, "change_message": ""}}, {"model": "admin.logentry", "pk": 96, "fields": {"action_time": "2023-06-14T03:58:22.986Z", "user": 1, "content_type": 16, "object_id": "30", "object_repr": "2023061400023330", "action_flag": 3, "change_message": ""}}, {"model": "admin.logentry", "pk": 97, "fields": {"action_time": "2023-06-14T03:58:22.991Z", "user": 1, "content_type": 16, "object_id": "29", "object_repr": "2023061318243429", "action_flag": 3, "change_message": ""}}, {"model": "admin.logentry", "pk": 98, "fields": {"action_time": "2023-06-14T03:58:23.034Z", "user": 1, "content_type": 16, "object_id": "28", "object_repr": "2023061318204628", "action_flag": 3, "change_message": ""}}, {"model": "admin.logentry", "pk": 99, "fields": {"action_time": "2023-06-14T03:58:23.074Z", "user": 1, "content_type": 16, "object_id": "27", "object_repr": "2023061318195227", "action_flag": 3, "change_message": ""}}, {"model": "admin.logentry", "pk": 100, "fields": {"action_time": "2023-06-14T03:58:23.078Z", "user": 1, "content_type": 16, "object_id": "26", "object_repr": "2023061317532326", "action_flag": 3, "change_message": ""}}, {"model": "admin.logentry", "pk": 101, "fields": {"action_time": "2023-06-14T03:58:23.082Z", "user": 1, "content_type": 16, "object_id": "25", "object_repr": "2023061317500025", "action_flag": 3, "change_message": ""}}, {"model": "admin.logentry", "pk": 102, "fields": {"action_time": "2023-06-14T03:58:23.086Z", "user": 1, "content_type": 16, "object_id": "24", "object_repr": "2023061317010524", "action_flag": 3, "change_message": ""}}, {"model": "admin.logentry", "pk": 103, "fields": {"action_time": "2023-06-14T03:58:23.089Z", "user": 1, "content_type": 16, "object_id": "23", "object_repr": "2023061304155023", "action_flag": 3, "change_message": ""}}, {"model": "admin.logentry", "pk": 104, "fields": {"action_time": "2023-06-14T03:58:23.092Z", "user": 1, "content_type": 16, "object_id": "22", "object_repr": "2023061304121922", "action_flag": 3, "change_message": ""}}, {"model": "admin.logentry", "pk": 105, "fields": {"action_time": "2023-06-14T03:58:23.097Z", "user": 1, "content_type": 16, "object_id": "21", "object_repr": "2023061304082421", "action_flag": 3, "change_message": ""}}, {"model": "admin.logentry", "pk": 106, "fields": {"action_time": "2023-06-14T03:58:23.100Z", "user": 1, "content_type": 16, "object_id": "20", "object_repr": "2023061303494420", "action_flag": 3, "change_message": ""}}, {"model": "admin.logentry", "pk": 107, "fields": {"action_time": "2023-06-14T03:58:23.104Z", "user": 1, "content_type": 16, "object_id": "19", "object_repr": "2023061303490319", "action_flag": 3, "change_message": ""}}, {"model": "admin.logentry", "pk": 108, "fields": {"action_time": "2023-06-14T03:58:23.107Z", "user": 1, "content_type": 16, "object_id": "18", "object_repr": "2023061303435118", "action_flag": 3, "change_message": ""}}, {"model": "admin.logentry", "pk": 109, "fields": {"action_time": "2023-06-14T03:58:23.111Z", "user": 1, "content_type": 16, "object_id": "17", "object_repr": "2023061303415117", "action_flag": 3, "change_message": ""}}, {"model": "admin.logentry", "pk": 110, "fields": {"action_time": "2023-06-14T03:58:23.113Z", "user": 1, "content_type": 16, "object_id": "16", "object_repr": "2023061303413016", "action_flag": 3, "change_message": ""}}, {"model": "admin.logentry", "pk": 111, "fields": {"action_time": "2023-06-14T03:58:23.117Z", "user": 1, "content_type": 16, "object_id": "15", "object_repr": "2023061303212115", "action_flag": 3, "change_message": ""}}, {"model": "admin.logentry", "pk": 112, "fields": {"action_time": "2023-06-14T03:58:23.120Z", "user": 1, "content_type": 16, "object_id": "14", "object_repr": "2023061303191114", "action_flag": 3, "change_message": ""}}, {"model": "admin.logentry", "pk": 113, "fields": {"action_time": "2023-06-14T03:58:23.126Z", "user": 1, "content_type": 16, "object_id": "13", "object_repr": "2023061303183713", "action_flag": 3, "change_message": ""}}, {"model": "admin.logentry", "pk": 114, "fields": {"action_time": "2023-06-14T03:58:23.130Z", "user": 1, "content_type": 16, "object_id": "12", "object_repr": "2023061303174412", "action_flag": 3, "change_message": ""}}, {"model": "admin.logentry", "pk": 115, "fields": {"action_time": "2023-06-14T03:58:23.134Z", "user": 1, "content_type": 16, "object_id": "11", "object_repr": "2023061303151211", "action_flag": 3, "change_message": ""}}, {"model": "admin.logentry", "pk": 116, "fields": {"action_time": "2023-06-14T03:58:23.137Z", "user": 1, "content_type": 16, "object_id": "10", "object_repr": "2023061303143110", "action_flag": 3, "change_message": ""}}, {"model": "admin.logentry", "pk": 117, "fields": {"action_time": "2023-06-14T03:58:23.140Z", "user": 1, "content_type": 16, "object_id": "9", "object_repr": "202306130309499", "action_flag": 3, "change_message": ""}}, {"model": "admin.logentry", "pk": 118, "fields": {"action_time": "2023-06-14T03:58:23.143Z", "user": 1, "content_type": 16, "object_id": "8", "object_repr": "202306130308438", "action_flag": 3, "change_message": ""}}, {"model": "admin.logentry", "pk": 119, "fields": {"action_time": "2023-06-14T03:58:23.147Z", "user": 1, "content_type": 16, "object_id": "7", "object_repr": "202306130214057", "action_flag": 3, "change_message": ""}}, {"model": "admin.logentry", "pk": 120, "fields": {"action_time": "2023-06-14T03:58:23.150Z", "user": 1, "content_type": 16, "object_id": "6", "object_repr": "202306130207036", "action_flag": 3, "change_message": ""}}, {"model": "admin.logentry", "pk": 121, "fields": {"action_time": "2023-06-14T03:58:23.153Z", "user": 1, "content_type": 16, "object_id": "5", "object_repr": "", "action_flag": 3, "change_message": ""}}, {"model": "admin.logentry", "pk": 122, "fields": {"action_time": "2023-06-14T03:58:23.156Z", "user": 1, "content_type": 16, "object_id": "4", "object_repr": "", "action_flag": 3, "change_message": ""}}, {"model": "admin.logentry", "pk": 123, "fields": {"action_time": "2023-06-14T03:58:23.158Z", "user": 1, "content_type": 16, "object_id": "3", "object_repr": "", "action_flag": 3, "change_message": ""}}, {"model": "admin.logentry", "pk": 124, "fields": {"action_time": "2023-06-14T03:58:23.160Z", "user": 1, "content_type": 16, "object_id": "2", "object_repr": "", "action_flag": 3, "change_message": ""}}, {"model": "admin.logentry", "pk": 125, "fields": {"action_time": "2023-06-14T03:58:23.164Z", "user": 1, "content_type": 16, "object_id": "1", "object_repr": "", "action_flag": 3, "change_message": ""}}, {"model": "admin.logentry", "pk": 126, "fields": {"action_time": "2023-06-14T04:05:32.155Z", "user": 1, "content_type": 16, "object_id": "31", "object_repr": "125459863", "action_flag": 1, "change_message": "[{\"added\": {}}]"}}, {"model": "admin.logentry", "pk": 127, "fields": {"action_time": "2023-06-14T04:12:00.950Z", "user": 1, "content_type": 16, "object_id": "32", "object_repr": "12335123235", "action_flag": 1, "change_message": "[{\"added\": {}}]"}}, {"model": "admin.logentry", "pk": 128, "fields": {"action_time": "2023-06-14T21:03:37.223Z", "user": 1, "content_type": 16, "object_id": "53", "object_repr": "2023061417281253", "action_flag": 3, "change_message": ""}}, {"model": "admin.logentry", "pk": 129, "fields": {"action_time": "2023-06-14T21:09:36.791Z", "user": 1, "content_type": 16, "object_id": "32", "object_repr": "12335123235", "action_flag": 3, "change_message": ""}}, {"model": "admin.logentry", "pk": 130, "fields": {"action_time": "2023-06-14T21:09:36.795Z", "user": 1, "content_type": 16, "object_id": "31", "object_repr": "125459863", "action_flag": 3, "change_message": ""}}, {"model": "admin.logentry", "pk": 131, "fields": {"action_time": "2023-06-14T21:10:06.717Z", "user": 1, "content_type": 16, "object_id": "34", "object_repr": "2023061415192634", "action_flag": 3, "change_message": ""}}, {"model": "admin.logentry", "pk": 132, "fields": {"action_time": "2023-06-14T21:10:06.722Z", "user": 1, "content_type": 16, "object_id": "33", "object_repr": "2023061404261033", "action_flag": 3, "change_message": ""}}, {"model": "admin.logentry", "pk": 133, "fields": {"action_time": "2023-06-15T17:22:29.578Z", "user": 1, "content_type": 8, "object_id": "9", "object_repr": "QWED Restaurant", "action_flag": 3, "change_message": ""}}, {"model": "admin.logentry", "pk": 134, "fields": {"action_time": "2023-06-15T17:22:29.593Z", "user": 1, "content_type": 8, "object_id": "5", "object_repr": "Brew Hall test", "action_flag": 3, "change_message": ""}}, {"model": "admin.logentry", "pk": 135, "fields": {"action_time": "2023-06-15T17:22:44.220Z", "user": 1, "content_type": 6, "object_id": "54", "object_repr": "qwed@gmail.com", "action_flag": 3, "change_message": ""}}, {"model": "admin.logentry", "pk": 136, "fields": {"action_time": "2023-06-15T17:22:44.224Z", "user": 1, "content_type": 6, "object_id": "48", "object_repr": "malikbrew@gmail.com", "action_flag": 3, "change_message": ""}}, {"model": "auth.permission", "pk": 1, "fields": {"name": "Can add log entry", "content_type": 1, "codename": "add_logentry"}}, {"model": "auth.permission", "pk": 2, "fields": {"name": "Can change log entry", "content_type": 1, "codename": "change_logentry"}}, {"model": "auth.permission", "pk": 3, "fields": {"name": "Can delete log entry", "content_type": 1, "codename": "delete_logentry"}}, {"model": "auth.permission", "pk": 4, "fields": {"name": "Can view log entry", "content_type": 1, "codename": "view_logentry"}}, {"model": "auth.permission", "pk": 5, "fields": {"name": "Can add permission", "content_type": 2, "codename": "add_permission"}}, {"model": "auth.permission", "pk": 6, "fields": {"name": "Can change permission", "content_type": 2, "codename": "change_permission"}}, {"model": "auth.permission", "pk": 7, "fields": {"name": "Can delete permission", "content_type": 2, "codename": "delete_permission"}}, {"model": "auth.permission", "pk": 8, "fields": {"name": "Can view permission", "content_type": 2, "codename": "view_permission"}}, {"model": "auth.permission", "pk": 9, "fields": {"name": "Can add group", "content_type": 3, "codename": "add_group"}}, {"model": "auth.permission", "pk": 10, "fields": {"name": "Can change group", "content_type": 3, "codename": "change_group"}}, {"model": "auth.permission", "pk": 11, "fields": {"name": "Can delete group", "content_type": 3, "codename": "delete_group"}}, {"model": "auth.permission", "pk": 12, "fields": {"name": "Can view group", "content_type": 3, "codename": "view_group"}}, {"model": "auth.permission", "pk": 13, "fields": {"name": "Can add content type", "content_type": 4, "codename": "add_contenttype"}}, {"model": "auth.permission", "pk": 14, "fields": {"name": "Can change content type", "content_type": 4, "codename": "change_contenttype"}}, {"model": "auth.permission", "pk": 15, "fields": {"name": "Can delete content type", "content_type": 4, "codename": "delete_contenttype"}}, {"model": "auth.permission", "pk": 16, "fields": {"name": "Can view content type", "content_type": 4, "codename": "view_contenttype"}}, {"model": "auth.permission", "pk": 17, "fields": {"name": "Can add session", "content_type": 5, "codename": "add_session"}}, {"model": "auth.permission", "pk": 18, "fields": {"name": "Can change session", "content_type": 5, "codename": "change_session"}}, {"model": "auth.permission", "pk": 19, "fields": {"name": "Can delete session", "content_type": 5, "codename": "delete_session"}}, {"model": "auth.permission", "pk": 20, "fields": {"name": "Can view session", "content_type": 5, "codename": "view_session"}}, {"model": "auth.permission", "pk": 21, "fields": {"name": "Can add user", "content_type": 6, "codename": "add_user"}}, {"model": "auth.permission", "pk": 22, "fields": {"name": "Can change user", "content_type": 6, "codename": "change_user"}}, {"model": "auth.permission", "pk": 23, "fields": {"name": "Can delete user", "content_type": 6, "codename": "delete_user"}}, {"model": "auth.permission", "pk": 24, "fields": {"name": "Can view user", "content_type": 6, "codename": "view_user"}}, {"model": "auth.permission", "pk": 25, "fields": {"name": "Can add user profile", "content_type": 7, "codename": "add_userprofile"}}, {"model": "auth.permission", "pk": 26, "fields": {"name": "Can change user profile", "content_type": 7, "codename": "change_userprofile"}}, {"model": "auth.permission", "pk": 27, "fields": {"name": "Can delete user profile", "content_type": 7, "codename": "delete_userprofile"}}, {"model": "auth.permission", "pk": 28, "fields": {"name": "Can view user profile", "content_type": 7, "codename": "view_userprofile"}}, {"model": "auth.permission", "pk": 29, "fields": {"name": "Can add vendor", "content_type": 8, "codename": "add_vendor"}}, {"model": "auth.permission", "pk": 30, "fields": {"name": "Can change vendor", "content_type": 8, "codename": "change_vendor"}}, {"model": "auth.permission", "pk": 31, "fields": {"name": "Can delete vendor", "content_type": 8, "codename": "delete_vendor"}}, {"model": "auth.permission", "pk": 32, "fields": {"name": "Can view vendor", "content_type": 8, "codename": "view_vendor"}}, {"model": "auth.permission", "pk": 33, "fields": {"name": "Can add category", "content_type": 9, "codename": "add_category"}}, {"model": "auth.permission", "pk": 34, "fields": {"name": "Can change category", "content_type": 9, "codename": "change_category"}}, {"model": "auth.permission", "pk": 35, "fields": {"name": "Can delete category", "content_type": 9, "codename": "delete_category"}}, {"model": "auth.permission", "pk": 36, "fields": {"name": "Can view category", "content_type": 9, "codename": "view_category"}}, {"model": "auth.permission", "pk": 37, "fields": {"name": "Can add food item", "content_type": 10, "codename": "add_fooditem"}}, {"model": "auth.permission", "pk": 38, "fields": {"name": "Can change food item", "content_type": 10, "codename": "change_fooditem"}}, {"model": "auth.permission", "pk": 39, "fields": {"name": "Can delete food item", "content_type": 10, "codename": "delete_fooditem"}}, {"model": "auth.permission", "pk": 40, "fields": {"name": "Can view food item", "content_type": 10, "codename": "view_fooditem"}}, {"model": "auth.permission", "pk": 41, "fields": {"name": "Can add cart", "content_type": 11, "codename": "add_cart"}}, {"model": "auth.permission", "pk": 42, "fields": {"name": "Can change cart", "content_type": 11, "codename": "change_cart"}}, {"model": "auth.permission", "pk": 43, "fields": {"name": "Can delete cart", "content_type": 11, "codename": "delete_cart"}}, {"model": "auth.permission", "pk": 44, "fields": {"name": "Can view cart", "content_type": 11, "codename": "view_cart"}}, {"model": "auth.permission", "pk": 45, "fields": {"name": "Can add Token", "content_type": 12, "codename": "add_token"}}, {"model": "auth.permission", "pk": 46, "fields": {"name": "Can change Token", "content_type": 12, "codename": "change_token"}}, {"model": "auth.permission", "pk": 47, "fields": {"name": "Can delete Token", "content_type": 12, "codename": "delete_token"}}, {"model": "auth.permission", "pk": 48, "fields": {"name": "Can view Token", "content_type": 12, "codename": "view_token"}}, {"model": "auth.permission", "pk": 49, "fields": {"name": "Can add token", "content_type": 13, "codename": "add_tokenproxy"}}, {"model": "auth.permission", "pk": 50, "fields": {"name": "Can change token", "content_type": 13, "codename": "change_tokenproxy"}}, {"model": "auth.permission", "pk": 51, "fields": {"name": "Can delete token", "content_type": 13, "codename": "delete_tokenproxy"}}, {"model": "auth.permission", "pk": 52, "fields": {"name": "Can view token", "content_type": 13, "codename": "view_tokenproxy"}}, {"model": "auth.permission", "pk": 53, "fields": {"name": "Can add payment", "content_type": 14, "codename": "add_payment"}}, {"model": "auth.permission", "pk": 54, "fields": {"name": "Can change payment", "content_type": 14, "codename": "change_payment"}}, {"model": "auth.permission", "pk": 55, "fields": {"name": "Can delete payment", "content_type": 14, "codename": "delete_payment"}}, {"model": "auth.permission", "pk": 56, "fields": {"name": "Can view payment", "content_type": 14, "codename": "view_payment"}}, {"model": "auth.permission", "pk": 57, "fields": {"name": "Can add ordered food", "content_type": 15, "codename": "add_orderedfood"}}, {"model": "auth.permission", "pk": 58, "fields": {"name": "Can change ordered food", "content_type": 15, "codename": "change_orderedfood"}}, {"model": "auth.permission", "pk": 59, "fields": {"name": "Can delete ordered food", "content_type": 15, "codename": "delete_orderedfood"}}, {"model": "auth.permission", "pk": 60, "fields": {"name": "Can view ordered food", "content_type": 15, "codename": "view_orderedfood"}}, {"model": "auth.permission", "pk": 61, "fields": {"name": "Can add order", "content_type": 16, "codename": "add_order"}}, {"model": "auth.permission", "pk": 62, "fields": {"name": "Can change order", "content_type": 16, "codename": "change_order"}}, {"model": "auth.permission", "pk": 63, "fields": {"name": "Can delete order", "content_type": 16, "codename": "delete_order"}}, {"model": "auth.permission", "pk": 64, "fields": {"name": "Can view order", "content_type": 16, "codename": "view_order"}}, {"model": "contenttypes.contenttype", "pk": 1, "fields": {"app_label": "admin", "model": "logentry"}}, {"model": "contenttypes.contenttype", "pk": 2, "fields": {"app_label": "auth", "model": "permission"}}, {"model": "contenttypes.contenttype", "pk": 3, "fields": {"app_label": "auth", "model": "group"}}, {"model": "contenttypes.contenttype", "pk": 4, "fields": {"app_label": "contenttypes", "model": "contenttype"}}, {"model": "contenttypes.contenttype", "pk": 5, "fields": {"app_label": "sessions", "model": "session"}}, {"model": "contenttypes.contenttype", "pk": 6, "fields": {"app_label": "accounts", "model": "user"}}, {"model": "contenttypes.contenttype", "pk": 7, "fields": {"app_label": "accounts", "model": "userprofile"}}, {"model": "contenttypes.contenttype", "pk": 8, "fields": {"app_label": "vendor", "model": "vendor"}}, {"model": "contenttypes.contenttype", "pk": 9, "fields": {"app_label": "menu", "model": "category"}}, {"model": "contenttypes.contenttype", "pk": 10, "fields": {"app_label": "menu", "model": "fooditem"}}, {"model": "contenttypes.contenttype", "pk": 11, "fields": {"app_label": "marketplace", "model": "cart"}}, {"model": "contenttypes.contenttype", "pk": 12, "fields": {"app_label": "authtoken", "model": "token"}}, {"model": "contenttypes.contenttype", "pk": 13, "fields": {"app_label": "authtoken", "model": "tokenproxy"}}, {"model": "contenttypes.contenttype", "pk": 14, "fields": {"app_label": "orders", "model": "payment"}}, {"model": "contenttypes.contenttype", "pk": 15, "fields": {"app_label": "orders", "model": "orderedfood"}}, {"model": "contenttypes.contenttype", "pk": 16, "fields": {"app_label": "orders", "model": "order"}}, {"model": "sessions.session", "pk": "0a5xrv74xrcd6n0xfyggf4sckxyzelj0", "fields": {"session_data": ".eJxVjDEOwjAMAP-SGUUOJCZlZO8bIjs2pIAaqWknxN9RpA6w3p3ubRJta0lb0yVNYi7GmcMvY8pPnbuQB833anOd12Vi2xO722bHKvq67u3foFArfavgGeCE0TtxGZAVSZQFvYfjTTJFARDOZ9TglRGDUBiCEvkYeDCfL-yuOHs:1q8ODk:_9TC65mgCuAFsTV4jmqPJW-bfeqyx_IjznKE9xPgjr4", "expire_date": "2023-06-25T16:47:16.178Z"}}, {"model": "sessions.session", "pk": "1lflnkqdwk5ty9cfat7i2hph8gyc9vv6", "fields": {"session_data": ".eJxVjDEOwjAMAP-SGUUOJCZlZO8bIjs2pIAaqWknxN9RpA6w3p3ubRJta0lb0yVNYi7GmcMvY8pPnbuQB833anOd12Vi2xO722bHKvq67u3foFArfavgGeCE0TtxGZAVSZQFvYfjTTJFARDOZ9TglRGDUBiCEvkYeDCfL-yuOHs:1q8O5a:ws7f83Sv7lTmfIY16bE3ZT7h7LJpfnTS4aHWQGDQiF8", "expire_date": "2023-06-25T16:38:50.585Z"}}, {"model": "sessions.session", "pk": "1tsjzc53jo3p3gtd7awik3cta8fvsj93", "fields": {"session_data": ".eJxVjDsOwjAQRO_iGll4Hf8o6TmDtfaucQA5UpxUiLuTSCmgG817M28RcV1qXDvPcSRxEYMXp98yYX5y2wk9sN0nmae2zGOSuyIP2uVtIn5dD_fvoGKv29razHaA7JQnlchlQDgrFQIYKow5hFC2VJhAk9FaIbvkvE6YAngw4vMFGEI4dw:1q8VUp:ZBRnMpLjmjcvd4y9lnO7ft67vbu0BeiSHBfTOJu3n9o", "expire_date": "2023-06-26T00:33:23.920Z"}}, {"model": "sessions.session", "pk": "2kdisvpvz9ppz20i9dk3onn8v8n6yihz", "fields": {"session_data": ".eJxVjDsOg0AMBe-ydbTywhpDyvScYeW1TSCJQOJTRbl7QKJI2jcz7-0Sb2uftsXmNKi7ukju8jtmlqeNB9EHj_fJyzSu85D9ofiTLr6d1F630_076Hnp97oGk5IFSggcGCAi1BEz1UaksRSlGHaqu4UFNtAokgkWRdd1FYbKfb7xMzdp:1q8QaU:i1h5b5CZeApEt4NglAxFncxM93KSCG0Rz1Qz1XtU7xs", "expire_date": "2023-06-25T19:18:54.488Z"}}, {"model": "sessions.session", "pk": "49c894j1y884l7yo8vg9zbsw5ktnd71y", "fields": {"session_data": ".eJxVjDsOg0AMBe-ydbTywhpDyvScYeW1TSCJQOJTRbl7QKJI2jcz7-0Sb2uftsXmNKi7ukju8jtmlqeNB9EHj_fJyzSu85D9ofiTLr6d1F630_076Hnp97oGk5IFSggcGCAi1BEz1UaksRSlGHaqu4UFNtAokgkWRdd1FYbKfb7xMzdp:1q8Vki:7bRUGbAhSlHSdNBkmlyQdgJEMbpbe1ytO4Ftmz7w7Bc", "expire_date": "2023-06-26T00:49:48.475Z"}}, {"model": "sessions.session", "pk": "5bs6ihvgj3py2u57ague5u9u41uvv2h7", "fields": {"session_data": ".eJxVjDsOwjAQRO_iGll4Hf8o6TmDtfaucQA5UpxUiLuTSCmgG817M28RcV1qXDvPcSRxEYMXp98yYX5y2wk9sN0nmae2zGOSuyIP2uVtIn5dD_fvoGKv29razHaA7JQnlchlQDgrFQIYKow5hFC2VJhAk9FaIbvkvE6YAngw4vMFGEI4dw:1q8Wct:5WNZlklzFnLVVOzZMC_B7GHhi7w1kw-PVNB5uGYXItc", "expire_date": "2023-06-26T01:45:47.141Z"}}, {"model": "sessions.session", "pk": "5qsr7b3zxq7dvxll5vos1c7b5q1q15wf", "fields": {"session_data": ".eJxVjDsOg0AMBe-ydbTywhpDyvScYeW1TSCJQOJTRbl7QKJI2jcz7-0Sb2uftsXmNKi7ukju8jtmlqeNB9EHj_fJyzSu85D9ofiTLr6d1F630_076Hnp97oGk5IFSggcGCAi1BEz1UaksRSlGHaqu4UFNtAokgkWRdd1FYbKfb7xMzdp:1q8Qaa:ybxyLe51K0VhH83DJTkHPI5LKAVgnASYzvsCsh9UThI", "expire_date": "2023-06-25T19:19:00.046Z"}}, {"model": "sessions.session", "pk": "71n71me11a7dzpl2snxywgjrsonauh0l", "fields": {"session_data": ".eJxVjDEOwjAMAP-SGUUOJCZlZO8bIjs2pIAaqWknxN9RpA6w3p3ubRJta0lb0yVNYi7GmcMvY8pPnbuQB833anOd12Vi2xO722bHKvq67u3foFArfavgGeCE0TtxGZAVSZQFvYfjTTJFARDOZ9TglRGDUBiCEvkYeDCfL-yuOHs:1q8OHQ:UTcbes8DON6j4vgegOp26p2eeDxxJpNz46FCbR9iI_E", "expire_date": "2023-06-25T16:51:04.635Z"}}, {"model": "sessions.session", "pk": "840yjo1l9b8ud6lpgbws5on2u4qcyk3f", "fields": {"session_data": ".eJxVjDsOg0AMBe-ydbTywhpDyvScYeW1TSCJQOJTRbl7QKJI2jcz7-0Sb2uftsXmNKi7ukju8jtmlqeNB9EHj_fJyzSu85D9ofiTLr6d1F630_076Hnp97oGk5IFSggcGCAi1BEz1UaksRSlGHaqu4UFNtAokgkWRdd1FYbKfb7xMzdp:1q8Ro5:INZZ6VgUd69pEV3UmmmeySCUVv1s5eGOUpIVLaENda8", "expire_date": "2023-06-25T20:37:01.228Z"}}, {"model": "sessions.session", "pk": "994xf4ehq5fcy3tkzs11vrcrg3oz6dqz", "fields": {"session_data": "e30:1q2x0e:Pi4ZVEkNpUKsCCntkmHFKQ8IIkp1goPpDdMK2C0sfX8", "expire_date": "2023-06-10T16:43:16.852Z"}}, {"model": "sessions.session", "pk": "bdvho1bwetqcz3jhfl673rmxf3bqdglv", "fields": {"session_data": ".eJxVjDsOg0AMBe-ydbTywhpDyvScYeW1TSCJQOJTRbl7QKJI2jcz7-0Sb2uftsXmNKi7ukju8jtmlqeNB9EHj_fJyzSu85D9ofiTLr6d1F630_076Hnp97oGk5IFSggcGCAi1BEz1UaksRSlGHaqu4UFNtAokgkWRdd1FYbKfb7xMzdp:1q8Qa9:7xZcuXU4r3mKG64AgyqH7qzGas5SuvEEFPrPEpbSxaU", "expire_date": "2023-06-25T19:18:33.972Z"}}, {"model": "sessions.session", "pk": "dtnqrdvmjvm8qrtxchpvpk17rpl5m7q1", "fields": {"session_data": ".eJxVjDsOg0AMBe-ydbTywhpDyvScYeW1TSCJQOJTRbl7QKJI2jcz7-0Sb2uftsXmNKi7ukju8jtmlqeNB9EHj_fJyzSu85D9ofiTLr6d1F630_076Hnp97oGk5IFSggcGCAi1BEz1UaksRSlGHaqu4UFNtAokgkWRdd1FYbKfb7xMzdp:1q8YF3:FlYPF7fdd08pE8rfME1yHZBQEG9YEOwceDH1zWoyvTQ", "expire_date": "2023-06-26T03:29:17.219Z"}}, {"model": "sessions.session", "pk": "dutw9ufohgmxc5orpt844sisfrtg3kdu", "fields": {"session_data": ".eJxVjDsOwjAQRO_iGll4Hf8o6TmDtfaucQA5UpxUiLuTSCmgG817M28RcV1qXDvPcSRxEYMXp98yYX5y2wk9sN0nmae2zGOSuyIP2uVtIn5dD_fvoGKv29razHaA7JQnlchlQDgrFQIYKow5hFC2VJhAk9FaIbvkvE6YAngw4vMFGEI4dw:1q8VVl:WOhzIDdkXy8pnDrsszniYtLsdAVQAac_br4QyNSBx5A", "expire_date": "2023-06-26T00:34:21.244Z"}}, {"model": "sessions.session", "pk": "fcx7wrayx0fdlmufzltlk9y65mfxc2as", "fields": {"session_data": ".eJxVjDsOg0AMBe-ydbTywhpDyvScYeW1TSCJQOJTRbl7QKJI2jcz7-0Sb2uftsXmNKi7ukju8jtmlqeNB9EHj_fJyzSu85D9ofiTLr6d1F630_076Hnp97oGk5IFSggcGCAi1BEz1UaksRSlGHaqu4UFNtAokgkWRdd1FYbKfb7xMzdp:1q8Vbp:ThquPWxvkjfAVefOSVJf7O3ZOd6Orj_Njz4G1R2eFQ4", "expire_date": "2023-06-26T00:40:37.368Z"}}, {"model": "sessions.session", "pk": "fkarn2hqlsurhkwlwy8eu0po5nj7pakr", "fields": {"session_data": ".eJxVjDsOg0AMBe-ydbTywhpDyvScYeW1TSCJQOJTRbl7QKJI2jcz7-0Sb2uftsXmNKi7ukju8jtmlqeNB9EHj_fJyzSu85D9ofiTLr6d1F630_076Hnp97oGk5IFSggcGCAi1BEz1UaksRSlGHaqu4UFNtAokgkWRdd1FYbKfb7xMzdp:1q8P8W:pQHh3H2spTFuD1sg6yS06PlqqYGuey7qr6Sop5NT19c", "expire_date": "2023-06-25T17:45:56.325Z"}}, {"model": "sessions.session", "pk": "gtgrx7qyyh3imysdt19wiq1fwxwhupwz", "fields": {"session_data": ".eJxVjDEOwjAMAP-SGUUOJCZlZO8bIjs2pIAaqWknxN9RpA6w3p3ubRJta0lb0yVNYi7GmcMvY8pPnbuQB833anOd12Vi2xO722bHKvq67u3foFArfavgGeCE0TtxGZAVSZQFvYfjTTJFARDOZ9TglRGDUBiCEvkYeDCfL-yuOHs:1q1sjI:sFL3W97Pe4cdop4933JZb2bLeSFXicrDYygv4y2VyUE", "expire_date": "2023-06-07T17:56:56.710Z"}}, {"model": "sessions.session", "pk": "hcroed9c4vurot0subn4jajpwk0pcy5g", "fields": {"session_data": ".eJxVjDsOg0AMBe-ydbTywhpDyvScYeW1TSCJQOJTRbl7QKJI2jcz7-0Sb2uftsXmNKi7ukju8jtmlqeNB9EHj_fJyzSu85D9ofiTLr6d1F630_076Hnp97oGk5IFSggcGCAi1BEz1UaksRSlGHaqu4UFNtAokgkWRdd1FYbKfb7xMzdp:1q8QXv:Lka9rDExpLzuojKOKQVMC6bzXr63gfRLfJwPVCY6Hag", "expire_date": "2023-06-25T19:16:15.126Z"}}, {"model": "sessions.session", "pk": "hlv7zlzky3hkmqanbakyaw5kw8v5szt1", "fields": {"session_data": ".eJxVjDsOg0AMBe-ydbTywhpDyvScYeW1TSCJQOJTRbl7QKJI2jcz7-0Sb2uftsXmNKi7ukju8jtmlqeNB9EHj_fJyzSu85D9ofiTLr6d1F630_076Hnp97oGk5IFSggcGCAi1BEz1UaksRSlGHaqu4UFNtAokgkWRdd1FYbKfb7xMzdp:1q8QaZ:Ey7-potMymOGlz1UtQblrLwUNP7S5Y6BlnyPoH2qpqA", "expire_date": "2023-06-25T19:18:59.344Z"}}, {"model": "sessions.session", "pk": "joupr1lesr4ac988uajij4p6rv64mde4", "fields": {"session_data": ".eJxVjDEOwjAMAP-SGUUOJCZlZO8bIjs2pIAaqWknxN9RpA6w3p3ubRJta0lb0yVNYi7GmcMvY8pPnbuQB833anOd12Vi2xO722bHKvq67u3foFArfavgGeCE0TtxGZAVSZQFvYfjTTJFARDOZ9TglRGDUBiCEvkYeDCfL-yuOHs:1q8OLR:xL8_rxjm67k4uFQtfP5o3g-PS-DUokz92NMBaflDYYs", "expire_date": "2023-06-25T16:55:13.132Z"}}, {"model": "sessions.session", "pk": "jwf5q2y2tpx826484mcnbcrmepiduoq5", "fields": {"session_data": ".eJxVjDsOg0AMBe-ydbTywhpDyvScYeW1TSCJQOJTRbl7QKJI2jcz7-0Sb2uftsXmNKi7ukju8jtmlqeNB9EHj_fJyzSu85D9ofiTLr6d1F630_076Hnp97oGk5IFSggcGCAi1BEz1UaksRSlGHaqu4UFNtAokgkWRdd1FYbKfb7xMzdp:1q8P7R:kEKiCUzb9Q5QFWBIatjYO4oldFFjfTnWVJcMdmVvoVU", "expire_date": "2023-06-25T17:44:49.294Z"}}, {"model": "sessions.session", "pk": "kuhmtfwrpzixk8sp7gq2t6l4f16sdzgq", "fields": {"session_data": ".eJxVjDsOwjAQRO_iGll4Hf8o6TmDtfaucQA5UpxUiLuTSCmgG817M28RcV1qXDvPcSRxEYMXp98yYX5y2wk9sN0nmae2zGOSuyIP2uVtIn5dD_fvoGKv29razHaA7JQnlchlQDgrFQIYKow5hFC2VJhAk9FaIbvkvE6YAngw4vMFGEI4dw:1q8VUU:vOvs1JCXUVUmET9ArM1kwdf4qgG7S-AjlyDSJJ5tRpE", "expire_date": "2023-06-26T00:33:02.915Z"}}, {"model": "sessions.session", "pk": "llf2xciej3f3qsh2gab19xevodxk3756", "fields": {"session_data": ".eJxVjDsOwjAQRO_iGll4Hf8o6TmDtfaucQA5UpxUiLuTSCmgG817M28RcV1qXDvPcSRxEYMXp98yYX5y2wk9sN0nmae2zGOSuyIP2uVtIn5dD_fvoGKv29razHaA7JQnlchlQDgrFQIYKow5hFC2VJhAk9FaIbvkvE6YAngw4vMFGEI4dw:1q8VUH:62GASwVufUwpTOor-QTj7LQMR3ZYbv9K2P1E95DbgXE", "expire_date": "2023-06-26T00:32:49.676Z"}}, {"model": "sessions.session", "pk": "nss5u7smt8r939gcmhk3w263nxensdgr", "fields": {"session_data": ".eJxVjDsOwjAQRO_iGll4Hf8o6TmDtfaucQA5UpxUiLuTSCmgG817M28RcV1qXDvPcSRxEYMXp98yYX5y2wk9sN0nmae2zGOSuyIP2uVtIn5dD_fvoGKv29razHaA7JQnlchlQDgrFQIYKow5hFC2VJhAk9FaIbvkvE6YAngw4vMFGEI4dw:1q8Vr9:ieMNyIzMRBe4eyvWFas6CPf3ccbtuxMMscTykMvTjYQ", "expire_date": "2023-06-26T00:56:27.204Z"}}, {"model": "sessions.session", "pk": "oa43zbujqbm3svdpnxnpilircjjnircj", "fields": {"session_data": ".eJxVjDsOg0AMBe-ydbTywhpDyvScYeW1TSCJQOJTRbl7QKJI2jcz7-0Sb2uftsXmNKi7ukju8jtmlqeNB9EHj_fJyzSu85D9ofiTLr6d1F630_076Hnp97oGk5IFSggcGCAi1BEz1UaksRSlGHaqu4UFNtAokgkWRdd1FYbKfb7xMzdp:1q8WCh:Fex5hpsOuhp-wL1w5i8uGwx0vn4XwhijpxMf0469ono", "expire_date": "2023-06-26T01:18:43.071Z"}}, {"model": "sessions.session", "pk": "okveccqtk86ys5mh9rejuw63w67ch2t6", "fields": {"session_data": ".eJxVjDsOg0AMBe-ydbTywhpDyvScYeW1TSCJQOJTRbl7QKJI2jcz7-0Sb2uftsXmNKi7ukju8jtmlqeNB9EHj_fJyzSu85D9ofiTLr6d1F630_076Hnp97oGk5IFSggcGCAi1BEz1UaksRSlGHaqu4UFNtAokgkWRdd1FYbKfb7xMzdp:1q8P2p:Z78TWo1EvkLh4eGF-m8A1qxIqbvxwBHafGhlyaLqumI", "expire_date": "2023-06-25T17:40:03.750Z"}}, {"model": "sessions.session", "pk": "r1smo5u3pispn2masdudi53k7016uv2o", "fields": {"session_data": ".eJxVjDsOg0AMBe-ydbTywhpDyvScYeW1TSCJQOJTRbl7QKJI2jcz7-0Sb2uftsXmNKi7ukju8jtmlqeNB9EHj_fJyzSu85D9ofiTLr6d1F630_076Hnp97oGk5IFSggcGCAi1BEz1UaksRSlGHaqu4UFNtAokgkWRdd1FYbKfb7xMzdp:1q8O5z:2SqFMGpkQK6a-It9PfviO5qLpLFupbtEZsJaTMM5dz4", "expire_date": "2023-06-25T16:39:15.122Z"}}, {"model": "sessions.session", "pk": "v38jzue2cs09bwpjfz7e10dbgntvo2p0", "fields": {"session_data": ".eJxVjDEOwjAMAP-SGUUOJCZlZO8bIjs2pIAaqWknxN9RpA6w3p3ubRJta0lb0yVNYi7GmcMvY8pPnbuQB833anOd12Vi2xO722bHKvq67u3foFArfavgGeCE0TtxGZAVSZQFvYfjTTJFARDOZ9TglRGDUBiCEvkYeDCfL-yuOHs:1q8P7k:0GmrAKF74F_QAbtc5KcKn3Jc_nCPUBwJfsdv1l6FSS8", "expire_date": "2023-06-25T17:45:08.194Z"}}, {"model": "sessions.session", "pk": "w6azvpg0tdplypv2avekaggrfhnyw7yk", "fields": {"session_data": ".eJxVjDsOwjAQRO_iGll4Hf8o6TmDtfaucQA5UpxUiLuTSCmgG817M28RcV1qXDvPcSRxEYMXp98yYX5y2wk9sN0nmae2zGOSuyIP2uVtIn5dD_fvoGKv29razHaA7JQnlchlQDgrFQIYKow5hFC2VJhAk9FaIbvkvE6YAngw4vMFGEI4dw:1q8VeF:XRrsUCnNSvUCAWqcm-Rm2IQ4IkkZjK4wwl1oMTl0bPU", "expire_date": "2023-06-26T00:43:07.435Z"}}, {"model": "sessions.session", "pk": "wvh7fcx0vq9j2o96ypx1ywve6h8rn6ao", "fields": {"session_data": ".eJxVjDsOwjAQRO_iGll4Hf8o6TmDtfaucQA5UpxUiLuTSCmgG817M28RcV1qXDvPcSRxEYMXp98yYX5y2wk9sN0nmae2zGOSuyIP2uVtIn5dD_fvoGKv29razHaA7JQnlchlQDgrFQIYKow5hFC2VJhAk9FaIbvkvE6YAngw4vMFGEI4dw:1q8VUF:ZuOuLe__yHkix1mFswybnEduFrCr6Flgq1x66uIzvPY", "expire_date": "2023-06-26T00:32:47.401Z"}}, {"model": "sessions.session", "pk": "wzgpi5t9x0x3bdurhtrfr7h130ur8yi8", "fields": {"session_data": ".eJxVjDsOg0AMBe-ydbTywhpDyvScYeW1TSCJQOJTRbl7QKJI2jcz7-0Sb2uftsXmNKi7ukju8jtmlqeNB9EHj_fJyzSu85D9ofiTLr6d1F630_076Hnp97oGk5IFSggcGCAi1BEz1UaksRSlGHaqu4UFNtAokgkWRdd1FYbKfb7xMzdp:1q8P8U:56ZrFOdDMasZSzWVTC2gBt8IxAqJ9zl_F6zCJyKMMt8", "expire_date": "2023-06-25T17:45:54.278Z"}}, {"model": "sessions.session", "pk": "x6xq2x53pnrjzzo3en8j4ahtsfi1w321", "fields": {"session_data": ".eJxVjDsOg0AMBe-ydbTywhpDyvScYeW1TSCJQOJTRbl7QKJI2jcz7-0Sb2uftsXmNKi7ukju8jtmlqeNB9EHj_fJyzSu85D9ofiTLr6d1F630_076Hnp97oGk5IFSggcGCAi1BEz1UaksRSlGHaqu4UFNtAokgkWRdd1FYbKfb7xMzdp:1q8QXx:nFBaBtKP9_bR93HgI2-YSW4HYDaZDDOdP89OdV9XEKg", "expire_date": "2023-06-25T19:16:17.900Z"}}, {"model": "sessions.session", "pk": "ycgo35dhqm3qmohrby0nw1ae4xvznxvo", "fields": {"session_data": ".eJxVjMsOwiAQRf-FtSE8hocu3fcbyACDVA0kpV0Z_12bdKHbe865LxZwW2vYBi1hzuzCNLDT7xgxPajtJN-x3TpPva3LHPmu8IMOPvVMz-vh_h1UHPVbKySjyIONQiRrnMKsZTFOaiPROuspgRYiqgwEFlzx0sFZe2VcVkUK9v4A5OM2sQ:1q2vPE:MIoP3zVbPRWD3mrv2UP5rJnvvBPoCjlr1T0IfHa1Y2E", "expire_date": "2023-06-10T15:00:32.975Z"}}, {"model": "sessions.session", "pk": "yma1bnfsajhyv8fmwc40j6irzohft8b2", "fields": {"session_data": ".eJxVjDsOg0AMBe-ydbTywhpDyvScYeW1TSCJQOJTRbl7QKJI2jcz7-0Sb2uftsXmNKi7ukju8jtmlqeNB9EHj_fJyzSu85D9ofiTLr6d1F630_076Hnp97oGk5IFSggcGCAi1BEz1UaksRSlGHaqu4UFNtAokgkWRdd1FYbKfb7xMzdp:1q8Vgo:ON7R2Dn-OiCsydx7nPY5kmOahcduLdzv7T9ujU2aPDU", "expire_date": "2023-06-26T00:45:46.804Z"}}, {"model": "sessions.session", "pk": "zisbknrdd2h4ww3mbj97eg4yyyy1by7t", "fields": {"session_data": ".eJxVjDEOwjAMAP-SGUUOJCZlZO8bIjs2pIAaqWknxN9RpA6w3p3ubRJta0lb0yVNYi7GmcMvY8pPnbuQB833anOd12Vi2xO722bHKvq67u3foFArfavgGeCE0TtxGZAVSZQFvYfjTTJFARDOZ9TglRGDUBiCEvkYeDCfL-yuOHs:1q8VTY:fJrBQCwpEIzwb3WF3SH5IiHIm0-r97YytggYOH4_zIs", "expire_date": "2023-06-26T00:32:04.078Z"}}, {"model": "sessions.session", "pk": "ztm66uvd2exii1cpbzur7igo8qf963jg", "fields": {"session_data": ".eJxVjDsOwjAQRO_iGll4Hf8o6TmDtfaucQA5UpxUiLuTSCmgG817M28RcV1qXDvPcSRxEYMXp98yYX5y2wk9sN0nmae2zGOSuyIP2uVtIn5dD_fvoGKv29razHaA7JQnlchlQDgrFQIYKow5hFC2VJhAk9FaIbvkvE6YAngw4vMFGEI4dw:1q8VUs:J_g3wjuj_sd7FHpOMJ--AUy6S2bxpVMHOLtkua3JBxU", "expire_date": "2023-06-26T00:33:26.440Z"}}, {"model": "authtoken.token", "pk": "cd457871d48cc4e12653b55220acafa59ce11642", "fields": {"user": 47, "created": "2023-06-11T13:45:15.553Z"}}, {"model": "authtoken.token", "pk": "f4a4ba5c03d9fda6d15ea89a44de30faa9551135", "fields": {"user": 1, "created": "2023-06-11T13:23:18.289Z"}}, {"model": "accounts.user", "pk": 1, "fields": {"password": "pbkdf2_sha256$600000$QZLeCRQFFEJMj65FYUiVfg$n9vxl7PgCmstXnCrmDOPH/GPyFQrwRAt0QHHBUwFmJU=", "first_name": "Rezwana", "last_name": "Sultana", "username": "rezwana", "email": "rezwanatech@gmail.com", "phone_number": "", "role": null, "date_joined": "2023-05-21T03:56:52.631Z", "last_login": "2023-06-15T17:21:42.660Z", "created_date": "2023-05-21T03:56:52.631Z", "modified_date": "2023-05-21T03:56:52.642Z", "is_admin": true, "is_staff": true, "is_active": true, "is_superadmin": true}}, {"model": "accounts.user", "pk": 46, "fields": {"password": "pbkdf2_sha256$600000$5qW93m4m3Sqsvfc5J6FzjE$rjy+1GNUdtH2n3+nlx2EVb4lOjsBq72kEsCQJfuRvA4=", "first_name": "lalapu", "last_name": "pupu", "username": "lalapu", "email": "ammatestermumu@gmail.com", "phone_number": "", "role": 2, "date_joined": "2023-05-28T16:51:29.803Z", "last_login": "2023-05-28T16:51:29.803Z", "created_date": "2023-05-28T16:51:29.803Z", "modified_date": "2023-05-28T16:51:29.953Z", "is_admin": false, "is_staff": false, "is_active": true, "is_superadmin": false}}, {"model": "accounts.user", "pk": 47, "fields": {"password": "pbkdf2_sha256$600000$N6eMaJ8DRU1t23ykI7K94T$jk0LMCZcWJ8tEx1Yc7QNV3+2qWQruCcD2uNNta2n4g8=", "first_name": "Yashira", "last_name": "Zaman", "username": "yashira", "email": "ayana07@yahoo.com", "phone_number": "5714562389", "role": 2, "date_joined": "2023-05-28T17:02:14.519Z", "last_login": "2023-06-15T21:58:13.322Z", "created_date": "2023-05-28T17:02:14.519Z", "modified_date": "2023-06-12T17:27:29.940Z", "is_admin": false, "is_staff": false, "is_active": true, "is_superadmin": false}}, {"model": "accounts.user", "pk": 49, "fields": {"password": "pbkdf2_sha256$600000$Lb6kW8SZ5TfbatrMeIrNK6$hUBrek5U40pPlTALnhQImr7k0xKjimnKstDcHSR2R5Q=", "first_name": "Laiba", "last_name": "bibi", "username": "ABC restaurant", "email": "abc@foodonline.com", "phone_number": "", "role": 1, "date_joined": "2023-05-30T00:21:10.258Z", "last_login": "2023-06-15T17:17:51.235Z", "created_date": "2023-05-30T00:21:10.258Z", "modified_date": "2023-05-30T00:21:10.295Z", "is_admin": false, "is_staff": false, "is_active": true, "is_superadmin": false}}, {"model": "accounts.user", "pk": 50, "fields": {"password": "pbkdf2_sha256$600000$Y247SQrz0LK9CNJOCg2Bm9$z3urrko6wvwNSmBT/HJ2xThHODElE+M8w3aDRFr04Yo=", "first_name": "efg", "last_name": "efg", "username": "tester", "email": "testres@gmail.com", "phone_number": "", "role": 1, "date_joined": "2023-05-30T00:27:56.708Z", "last_login": "2023-05-30T00:45:05.412Z", "created_date": "2023-05-30T00:27:56.708Z", "modified_date": "2023-05-30T00:27:56.730Z", "is_admin": false, "is_staff": false, "is_active": true, "is_superadmin": false}}, {"model": "accounts.user", "pk": 51, "fields": {"password": "pbkdf2_sha256$600000$eiO1xe4T4nc75o72Ne2sGj$giWo6xP3i+f1ldpAoqzsa5KLEeQSj8/MQuhcibB3O6U=", "first_name": "pizza", "last_name": "world", "username": "pizza world", "email": "pizzaworld@gmail.com", "phone_number": "", "role": 1, "date_joined": "2023-05-30T00:47:25.798Z", "last_login": "2023-05-30T04:48:42.029Z", "created_date": "2023-05-30T00:47:25.798Z", "modified_date": "2023-05-30T00:47:25.816Z", "is_admin": false, "is_staff": false, "is_active": true, "is_superadmin": false}}, {"model": "accounts.user", "pk": 52, "fields": {"password": "pbkdf2_sha256$600000$j7DQcS40ZtrnEZZOdIjVYK$ev5sVARzypbdtagLaC9nxal4kVps1HRrLmRK9evSCdo=", "first_name": "pono", "last_name": "lia", "username": "Cracker Barrel", "email": "craker@gamil.com", "phone_number": "", "role": 1, "date_joined": "2023-05-30T01:07:49.114Z", "last_login": "2023-06-08T01:37:11.605Z", "created_date": "2023-05-30T01:07:49.114Z", "modified_date": "2023-05-30T01:07:49.139Z", "is_admin": false, "is_staff": false, "is_active": true, "is_superadmin": false}}, {"model": "accounts.user", "pk": 53, "fields": {"password": "pbkdf2_sha256$600000$zppNo5NDyc8E3fqimvjIDC$M+7tzxlDRXEY/trd+8nnSdMBtzkZp6P0ikwtxQDUHps=", "first_name": "first", "last_name": "second", "username": "firstsecond", "email": "firstfood@gmail.com", "phone_number": "", "role": 1, "date_joined": "2023-05-30T13:20:46.768Z", "last_login": "2023-06-06T03:31:46.966Z", "created_date": "2023-05-30T13:20:46.768Z", "modified_date": "2023-05-30T13:20:46.797Z", "is_admin": false, "is_staff": false, "is_active": true, "is_superadmin": false}}, {"model": "accounts.user", "pk": 55, "fields": {"password": "pbkdf2_sha256$600000$X5iH5Y2i1N0Am5C9yJWHoT$nEnMM3izseHZKyxA3tuFOayuM62+0vrIYiZAE/RAA5k=", "first_name": "Cava", "last_name": "Cava", "username": "cavacava", "email": "cavacava@gmail.com", "phone_number": "", "role": 1, "date_joined": "2023-06-08T05:47:27.946Z", "last_login": "2023-06-14T02:58:58.437Z", "created_date": "2023-06-08T05:47:27.946Z", "modified_date": "2023-06-08T05:47:28.180Z", "is_admin": false, "is_staff": false, "is_active": true, "is_superadmin": false}}, {"model": "accounts.userprofile", "pk": 1, "fields": {"user": 1, "profile_picture": "users/profile_pictures/image3.jpeg", "cover_photo": "users/cover_photos/IMG_4164.jpg", "address": "test", "country": "test", "state": null, "city": null, "zip_code": null, "latitude": null, "longitude": null, "location": null, "created_at": "2023-05-22T04:48:40.168Z", "modified_at": "2023-06-15T17:21:42.719Z"}}, {"model": "accounts.userprofile", "pk": 20, "fields": {"user": 46, "profile_picture": "", "cover_photo": "", "address": null, "country": null, "state": null, "city": null, "zip_code": null, "latitude": null, "longitude": null, "location": null, "created_at": "2023-05-28T16:51:29.849Z", "modified_at": "2023-05-28T16:51:30.013Z"}}, {"model": "accounts.userprofile", "pk": 21, "fields": {"user": 47, "profile_picture": "users/profile_pictures/802031_user_512x512.png", "cover_photo": "users/cover_photos/cover-photo-5_M7hOqAl.PNG", "address": "446 Russell Street, Hadley, MA, USA", "country": "United States", "state": "Massachusetts", "city": "Hadley", "zip_code": "01035", "latitude": "42.3646522", "longitude": "-72.5379751", "location": "SRID=4326;POINT (-72.5379751 42.3646522)", "created_at": "2023-05-28T17:02:14.523Z", "modified_at": "2023-06-15T21:58:13.378Z"}}, {"model": "accounts.userprofile", "pk": 23, "fields": {"user": 49, "profile_picture": "users/profile_pictures/chicken-600x600.jpg", "cover_photo": "users/cover_photos/cover-photo-3.PNG", "address": "Alexandria, VA, USA", "country": "United States", "state": "Virginia", "city": "Alexandria", "zip_code": "22314", "latitude": null, "longitude": null, "location": null, "created_at": "2023-05-30T00:21:10.266Z", "modified_at": "2023-06-15T17:17:51.370Z"}}, {"model": "accounts.userprofile", "pk": 24, "fields": {"user": 52, "profile_picture": "users/profile_pictures/profile-picture-2.PNG", "cover_photo": "users/cover_photos/cover-photo-5.PNG", "address": "Arlington Cinema and Drafthouse, Columbia Pike, Arlington, VA, USA", "country": "United States", "state": "Virginia", "city": "Arlington", "zip_code": "22204", "latitude": null, "longitude": null, "location": null, "created_at": "2023-05-30T01:07:49.119Z", "modified_at": "2023-06-09T13:47:32.979Z"}}, {"model": "accounts.userprofile", "pk": 25, "fields": {"user": 51, "profile_picture": "", "cover_photo": "", "address": null, "country": null, "state": null, "city": null, "zip_code": null, "latitude": null, "longitude": null, "location": "SRID=4326;POINT (-77.18997186331379 43.07343310148626)", "created_at": "2023-05-30T04:48:42.035Z", "modified_at": "2023-06-08T05:45:19.062Z"}}, {"model": "accounts.userprofile", "pk": 26, "fields": {"user": 53, "profile_picture": "users/profile_pictures/Pan-Fried-Chicken-600x600.jpg", "cover_photo": "users/cover_photos/cover-photo-2.PNG", "address": "4400 Massachusetts Avenue Northwest, Washington, DC, USA", "country": "United States", "state": "DC", "city": "Washington", "zip_code": "20016", "latitude": null, "longitude": null, "location": null, "created_at": "2023-05-30T13:20:46.774Z", "modified_at": "2023-06-06T03:31:46.970Z"}}, {"model": "accounts.userprofile", "pk": 28, "fields": {"user": 55, "profile_picture": "users/profile_pictures/profile-picture-5.PNG", "cover_photo": "", "address": "Richard Byrd Library, Commerce Street, Springfield, VA, USA", "country": "United States", "state": "Virginia", "city": "Springfield", "zip_code": "22150", "latitude": "38.7795851", "longitude": "-77.1921295", "location": "SRID=4326;POINT (-77.1921295 38.7795851)", "created_at": "2023-06-08T05:47:27.955Z", "modified_at": "2023-06-14T02:58:58.493Z"}}, {"model": "vendor.vendor", "pk": 6, "fields": {"user": 49, "userprofile": 23, "vendor_name": "ABC Restaurant", "vendor_slug": "abc-restaurant", "vendor_license": "vendor/license/orig_License_12_fWhZlWf.png", "is_approved": true, "created_at": "2023-05-30T00:21:10.370Z", "modified_at": "2023-06-08T01:40:06.194Z"}}, {"model": "vendor.vendor", "pk": 7, "fields": {"user": 52, "userprofile": 24, "vendor_name": "cracker Barrel", "vendor_slug": "cracker-barrel", "vendor_license": "vendor/license/orig_License_12_3aovVnI.png", "is_approved": true, "created_at": "2023-05-30T01:07:49.204Z", "modified_at": "2023-06-08T01:38:02.133Z"}}, {"model": "vendor.vendor", "pk": 8, "fields": {"user": 53, "userprofile": 26, "vendor_name": "First Restaurant", "vendor_slug": "first-restaurant", "vendor_license": "vendor/license/orig_License_12_6Tkyq6K.png", "is_approved": true, "created_at": "2023-05-30T13:20:46.865Z", "modified_at": "2023-06-06T02:22:30.721Z"}}, {"model": "vendor.vendor", "pk": 10, "fields": {"user": 55, "userprofile": 28, "vendor_name": "Cava Cava", "vendor_slug": "cava-cava-55", "vendor_license": "vendor/license/orig_License_12_iBAAZny.png", "is_approved": true, "created_at": "2023-06-08T05:47:28.256Z", "modified_at": "2023-06-08T05:56:04.058Z"}}, {"model": "menu.category", "pk": 7, "fields": {"vendor": 8, "category_name": "Taco", "slug": "taco", "description": "Chicken, Beef, Shrimp and Salmon", "created_at": "2023-06-04T21:12:08.727Z", "updated_at": "2023-06-04T21:12:08.727Z"}}, {"model": "menu.category", "pk": 8, "fields": {"vendor": 6, "category_name": "Pizza", "slug": "pizza", "description": "Chicken, Beef, Spinach", "created_at": "2023-06-08T01:49:03.681Z", "updated_at": "2023-06-08T01:49:03.681Z"}}, {"model": "menu.category", "pk": 9, "fields": {"vendor": 6, "category_name": "Burgers", "slug": "burgers-9", "description": "Chicken, Beef, Fish", "created_at": "2023-06-08T01:58:20.363Z", "updated_at": "2023-06-08T01:58:20.367Z"}}, {"model": "menu.category", "pk": 10, "fields": {"vendor": 10, "category_name": "Thai fried rice", "slug": "thai-fried-rice", "description": "Chicken, Beef, Shrimp", "created_at": "2023-06-14T03:01:51.014Z", "updated_at": "2023-06-14T03:02:54.810Z"}}, {"model": "menu.category", "pk": 11, "fields": {"vendor": 6, "category_name": "Chicken wings", "slug": "chicken-wings-11", "description": "BBQ, Honey BBQ, Lemon Garlic", "created_at": "2023-06-15T17:18:45.641Z", "updated_at": "2023-06-15T17:18:45.654Z"}}, {"model": "menu.fooditem", "pk": 4, "fields": {"vendor": 8, "category": 7, "food_title": "Beef Taco", "slug": "beef-taco", "description": "Beef grounded with salsa, avocado", "price": "4.99", "image": "foodimages/Pan-Fried-Chicken-600x600.jpg", "is_available": true, "created_at": "2023-06-06T03:33:03.856Z", "updated_at": "2023-06-06T03:33:03.856Z"}}, {"model": "menu.fooditem", "pk": 5, "fields": {"vendor": 6, "category": 8, "food_title": "Spicy Chicken pizza", "slug": "spicy-chicken-pizza", "description": "Olive, mushrooms", "price": "7.99", "image": "foodimages/pizza-600x600.jpg", "is_available": true, "created_at": "2023-06-08T01:50:00.075Z", "updated_at": "2023-06-08T01:50:00.075Z"}}, {"model": "menu.fooditem", "pk": 6, "fields": {"vendor": 6, "category": 9, "food_title": "Fish Fillet Burger", "slug": "fish-fillet-burger", "description": "Spicy Fish Fry", "price": "7.99", "image": "foodimages/profile-picture-3_erQpMYl.PNG", "is_available": true, "created_at": "2023-06-08T01:59:07.868Z", "updated_at": "2023-06-08T01:59:07.869Z"}}, {"model": "menu.fooditem", "pk": 7, "fields": {"vendor": 10, "category": 10, "food_title": "Combination Fried Rice", "slug": "combination-fried-rice", "description": "Red chili, shrimp, beef, chicken, vegetable", "price": "14.99", "image": "foodimages/steam-rice.jpg", "is_available": true, "created_at": "2023-06-14T03:04:12.712Z", "updated_at": "2023-06-14T03:04:12.712Z"}}, {"model": "menu.fooditem", "pk": 8, "fields": {"vendor": 6, "category": 11, "food_title": "Chicken Honey BBQ", "slug": "chicken-honey-bbq", "description": "Fried Chicken wings into mixed in BBQ sauce", "price": "10.99", "image": "foodimages/Pan-Fried-Chicken-600x600_qv5QVoH.jpg", "is_available": true, "created_at": "2023-06-15T17:20:39.637Z", "updated_at": "2023-06-15T17:20:39.637Z"}}, {"model": "orders.payment", "pk": 1, "fields": {"user": 47, "transaction_id": "90043009JU904032K", "payment_method": "PayPal", "amount": "35.94", "status": "COMPLETED", "created_at": "2023-06-13T04:13:09.435Z"}}, {"model": "orders.payment", "pk": 2, "fields": {"user": 47, "transaction_id": "0R463879N2061283W", "payment_method": "PayPal", "amount": "35.94", "status": "COMPLETED", "created_at": "2023-06-13T04:16:29.438Z"}}, {"model": "orders.payment", "pk": 3, "fields": {"user": 47, "transaction_id": "6UM69833S1506264V", "payment_method": "PayPal", "amount": "35.94", "status": "COMPLETED", "created_at": "2023-06-13T17:37:10.553Z"}}, {"model": "orders.payment", "pk": 4, "fields": {"user": 47, "transaction_id": "7DV676021P771044S", "payment_method": "PayPal", "amount": "15.98", "status": "COMPLETED", "created_at": "2023-06-13T17:50:25.861Z"}}, {"model": "orders.payment", "pk": 5, "fields": {"user": 47, "transaction_id": "59C68884VP7247547", "payment_method": "PayPal", "amount": "9.98", "status": "COMPLETED", "created_at": "2023-06-13T17:53:46.090Z"}}, {"model": "orders.payment", "pk": 6, "fields": {"user": 47, "transaction_id": "9NP70269TC064851P", "payment_method": "PayPal", "amount": "9.98", "status": "COMPLETED", "created_at": "2023-06-13T18:20:08.726Z"}}, {"model": "orders.payment", "pk": 7, "fields": {"user": 47, "transaction_id": "6FP72215E2002723D", "payment_method": "PayPal", "amount": "9.98", "status": "COMPLETED", "created_at": "2023-06-13T18:20:56.995Z"}}, {"model": "orders.payment", "pk": 8, "fields": {"user": 47, "transaction_id": "49W93827G7849102K", "payment_method": "PayPal", "amount": "9.98", "status": "COMPLETED", "created_at": "2023-06-13T18:32:30.237Z"}}, {"model": "orders.payment", "pk": 9, "fields": {"user": 47, "transaction_id": "6W214954KD249044F", "payment_method": "PayPal", "amount": "4.99", "status": "COMPLETED", "created_at": "2023-06-14T00:02:53.513Z"}}, {"model": "orders.payment", "pk": 10, "fields": {"user": 47, "transaction_id": "2DU499013J995100D", "payment_method": "PayPal", "amount": "26.96", "status": "COMPLETED", "created_at": "2023-06-14T04:26:30.166Z"}}, {"model": "orders.payment", "pk": 11, "fields": {"user": 47, "transaction_id": "3H611777K3828824Y", "payment_method": "PayPal", "amount": "55.95", "status": "COMPLETED", "created_at": "2023-06-14T15:19:44.584Z"}}, {"model": "orders.payment", "pk": 12, "fields": {"user": 47, "transaction_id": "2DU4713350078420A", "payment_method": "PayPal", "amount": "39.94", "status": "COMPLETED", "created_at": "2023-06-14T15:37:43.178Z"}}, {"model": "orders.payment", "pk": 13, "fields": {"user": 47, "transaction_id": "1R1792209B0205223", "payment_method": "PayPal", "amount": "48.93", "status": "COMPLETED", "created_at": "2023-06-14T17:28:29.533Z"}}, {"model": "orders.payment", "pk": 14, "fields": {"user": 47, "transaction_id": "47S02019CH0235028", "payment_method": "PayPal", "amount": "15.98", "status": "COMPLETED", "created_at": "2023-06-14T20:46:09.886Z"}}, {"model": "orders.payment", "pk": 15, "fields": {"user": 47, "transaction_id": "8X928553948463603", "payment_method": "PayPal", "amount": "27.95", "status": "COMPLETED", "created_at": "2023-06-14T21:01:13.199Z"}}, {"model": "orders.payment", "pk": 16, "fields": {"user": 47, "transaction_id": "0HT45825LP643520B", "payment_method": "PayPal", "amount": "57.94", "status": "COMPLETED", "created_at": "2023-06-14T21:07:52.881Z"}}, {"model": "orders.payment", "pk": 17, "fields": {"user": 47, "transaction_id": "8KX53045CY211545J", "payment_method": "PayPal", "amount": "18.98", "status": "COMPLETED", "created_at": "2023-06-15T23:38:37.154Z"}}, {"model": "orders.order", "pk": 35, "fields": {"user": 47, "payment": null, "order_number": "2023061415232535", "first_name": "Yashira", "last_name": "Zaman", "phone": "5714562389", "email": "ayana07@yahoo.com", "address": "446 Russell Street, Hadley, MA, USA", "country": "United States", "state": "Massachusetts", "city": "Hadley", "zip_code": "01035", "total": 39.94, "tax_data": null, "total_data": null, "total_tax": 0.0, "payment_method": "PayPal", "status": "New", "is_ordered": false, "created_at": "2023-06-14T15:23:25.003Z", "updated_at": "2023-06-14T15:23:25.150Z", "vendors": [8, 6]}}, {"model": "orders.order", "pk": 36, "fields": {"user": 47, "payment": null, "order_number": "2023061415233036", "first_name": "Yashira", "last_name": "Zaman", "phone": "5714562389", "email": "ayana07@yahoo.com", "address": "446 Russell Street, Hadley, MA, USA", "country": "United States", "state": "Massachusetts", "city": "Hadley", "zip_code": "01035", "total": 39.94, "tax_data": null, "total_data": null, "total_tax": 0.0, "payment_method": "PayPal", "status": "New", "is_ordered": false, "created_at": "2023-06-14T15:23:30.346Z", "updated_at": "2023-06-14T15:23:30.489Z", "vendors": [8, 6]}}, {"model": "orders.order", "pk": 37, "fields": {"user": 47, "payment": null, "order_number": "2023061415351937", "first_name": "Yashira", "last_name": "Zaman", "phone": "5714562389", "email": "ayana07@yahoo.com", "address": "446 Russell Street, Hadley, MA, USA", "country": "United States", "state": "Massachusetts", "city": "Hadley", "zip_code": "01035", "total": 39.94, "tax_data": null, "total_data": null, "total_tax": 0.0, "payment_method": "PayPal", "status": "New", "is_ordered": false, "created_at": "2023-06-14T15:35:19.778Z", "updated_at": "2023-06-14T15:35:19.811Z", "vendors": [8, 6]}}, {"model": "orders.order", "pk": 38, "fields": {"user": 47, "payment": 12, "order_number": "2023061415372138", "first_name": "Yashira", "last_name": "Zaman", "phone": "5714562389", "email": "ayana07@yahoo.com", "address": "446 Russell Street, Hadley, MA, USA", "country": "United States", "state": "Massachusetts", "city": "Hadley", "zip_code": "01035", "total": 39.94, "tax_data": null, "total_data": "{\"6\": [\"15.98\"], \"8\": [\"14.97\"], \"5\": [\"8.99\"]}", "total_tax": 0.0, "payment_method": "PayPal", "status": "New", "is_ordered": true, "created_at": "2023-06-14T15:37:21.455Z", "updated_at": "2023-06-14T15:37:43.191Z", "vendors": [8, 6]}}, {"model": "orders.order", "pk": 39, "fields": {"user": 47, "payment": null, "order_number": "2023061415383639", "first_name": "Yashira", "last_name": "Zaman", "phone": "5714562389", "email": "ayana07@yahoo.com", "address": "446 Russell Street, Hadley, MA, USA", "country": "United States", "state": "Massachusetts", "city": "Hadley", "zip_code": "01035", "total": 30.95, "tax_data": null, "total_data": "{\"6\": [\"15.98\"], \"8\": [\"14.97\"]}", "total_tax": 0.0, "payment_method": "PayPal", "status": "New", "is_ordered": false, "created_at": "2023-06-14T15:38:36.226Z", "updated_at": "2023-06-14T15:38:36.240Z", "vendors": [8, 6]}}, {"model": "orders.order", "pk": 40, "fields": {"user": 47, "payment": null, "order_number": "2023061415490140", "first_name": "Yashira", "last_name": "Zaman", "phone": "5714562389", "email": "ayana07@yahoo.com", "address": "446 Russell Street, Hadley, MA, USA", "country": "United States", "state": "Massachusetts", "city": "Hadley", "zip_code": "01035", "total": 30.95, "tax_data": null, "total_data": "{\"6\": [\"15.98\"], \"8\": [\"14.97\"]}", "total_tax": 0.0, "payment_method": "PayPal", "status": "New", "is_ordered": false, "created_at": "2023-06-14T15:49:01.472Z", "updated_at": "2023-06-14T15:49:01.484Z", "vendors": [8, 6]}}, {"model": "orders.order", "pk": 41, "fields": {"user": 47, "payment": null, "order_number": "2023061415493241", "first_name": "Yashira", "last_name": "Zaman", "phone": "5714562389", "email": "ayana07@yahoo.com", "address": "446 Russell Street, Hadley, MA, USA", "country": "United States", "state": "Massachusetts", "city": "Hadley", "zip_code": "01035", "total": 30.95, "tax_data": null, "total_data": "{\"6\": [15.98], \"8\": [14.97]}", "total_tax": 0.0, "payment_method": "PayPal", "status": "New", "is_ordered": false, "created_at": "2023-06-14T15:49:32.104Z", "updated_at": "2023-06-14T15:49:32.129Z", "vendors": [8, 6]}}, {"model": "orders.order", "pk": 42, "fields": {"user": 47, "payment": null, "order_number": "2023061415494142", "first_name": "Yashira", "last_name": "Zaman", "phone": "5714562389", "email": "ayana07@yahoo.com", "address": "446 Russell Street, Hadley, MA, USA", "country": "United States", "state": "Massachusetts", "city": "Hadley", "zip_code": "01035", "total": 30.95, "tax_data": null, "total_data": "{\"6\": [15.98], \"8\": [14.97]}", "total_tax": 0.0, "payment_method": "PayPal", "status": "New", "is_ordered": false, "created_at": "2023-06-14T15:49:41.877Z", "updated_at": "2023-06-14T15:49:41.885Z", "vendors": [8, 6]}}, {"model": "orders.order", "pk": 43, "fields": {"user": 47, "payment": null, "order_number": "2023061415513343", "first_name": "Yashira", "last_name": "Zaman", "phone": "5714562389", "email": "ayana07@yahoo.com", "address": "446 Russell Street, Hadley, MA, USA", "country": "United States", "state": "Massachusetts", "city": "Hadley", "zip_code": "01035", "total": 30.95, "tax_data": null, "total_data": "{\"6\": [\"15.98\"], \"8\": [\"14.97\"]}", "total_tax": 0.0, "payment_method": "PayPal", "status": "New", "is_ordered": false, "created_at": "2023-06-14T15:51:33.357Z", "updated_at": "2023-06-14T15:51:33.377Z", "vendors": [8, 6]}}, {"model": "orders.order", "pk": 44, "fields": {"user": 47, "payment": null, "order_number": "2023061415515144", "first_name": "Yashira", "last_name": "Zaman", "phone": "5714562389", "email": "ayana07@yahoo.com", "address": "446 Russell Street, Hadley, MA, USA", "country": "United States", "state": "Massachusetts", "city": "Hadley", "zip_code": "01035", "total": 30.95, "tax_data": null, "total_data": "{\"6\": [\"15.98\"], \"8\": [\"14.97\"]}", "total_tax": 0.0, "payment_method": "PayPal", "status": "New", "is_ordered": false, "created_at": "2023-06-14T15:51:51.176Z", "updated_at": "2023-06-14T15:51:51.186Z", "vendors": [8, 6]}}, {"model": "orders.order", "pk": 45, "fields": {"user": 47, "payment": null, "order_number": "2023061415540845", "first_name": "Yashira", "last_name": "Zaman", "phone": "5714562389", "email": "ayana07@yahoo.com", "address": "446 Russell Street, Hadley, MA, USA", "country": "United States", "state": "Massachusetts", "city": "Hadley", "zip_code": "01035", "total": 30.95, "tax_data": null, "total_data": "{\"6\": [\"15.98\"], \"8\": [\"14.97\"]}", "total_tax": 0.0, "payment_method": "PayPal", "status": "New", "is_ordered": false, "created_at": "2023-06-14T15:54:08.208Z", "updated_at": "2023-06-14T15:54:08.220Z", "vendors": [8, 6]}}, {"model": "orders.order", "pk": 46, "fields": {"user": 47, "payment": null, "order_number": "2023061415570646", "first_name": "Yashira", "last_name": "Zaman", "phone": "5714562389", "email": "ayana07@yahoo.com", "address": "446 Russell Street, Hadley, MA, USA", "country": "United States", "state": "Massachusetts", "city": "Hadley", "zip_code": "01035", "total": 30.95, "tax_data": null, "total_data": "{\"6\": [\"15.98\"], \"8\": [\"14.97\"]}", "total_tax": 0.0, "payment_method": "PayPal", "status": "New", "is_ordered": false, "created_at": "2023-06-14T15:57:06.168Z", "updated_at": "2023-06-14T15:57:06.209Z", "vendors": [8, 6]}}, {"model": "orders.order", "pk": 47, "fields": {"user": 47, "payment": null, "order_number": "2023061415592347", "first_name": "Yashira", "last_name": "Zaman", "phone": "5714562389", "email": "ayana07@yahoo.com", "address": "446 Russell Street, Hadley, MA, USA", "country": "United States", "state": "Massachusetts", "city": "Hadley", "zip_code": "01035", "total": 30.95, "tax_data": null, "total_data": null, "total_tax": 0.0, "payment_method": "PayPal", "status": "New", "is_ordered": false, "created_at": "2023-06-14T15:59:23.565Z", "updated_at": "2023-06-14T15:59:23.586Z", "vendors": [8, 6]}}, {"model": "orders.order", "pk": 48, "fields": {"user": 47, "payment": null, "order_number": "2023061416002448", "first_name": "Yashira", "last_name": "Zaman", "phone": "5714562389", "email": "ayana07@yahoo.com", "address": "446 Russell Street, Hadley, MA, USA", "country": "United States", "state": "Massachusetts", "city": "Hadley", "zip_code": "01035", "total": 30.95, "tax_data": null, "total_data": null, "total_tax": 0.0, "payment_method": "PayPal", "status": "New", "is_ordered": false, "created_at": "2023-06-14T16:00:24.824Z", "updated_at": "2023-06-14T16:00:24.833Z", "vendors": [8, 6]}}, {"model": "orders.order", "pk": 49, "fields": {"user": 47, "payment": null, "order_number": "2023061416060649", "first_name": "Yashira", "last_name": "Zaman", "phone": "5714562389", "email": "ayana07@yahoo.com", "address": "446 Russell Street, Hadley, MA, USA", "country": "United States", "state": "Massachusetts", "city": "Hadley", "zip_code": "01035", "total": 30.95, "tax_data": null, "total_data": "{\"6\": [\"15.98\"], \"8\": [\"14.97\"]}", "total_tax": 0.0, "payment_method": "PayPal", "status": "New", "is_ordered": false, "created_at": "2023-06-14T16:06:06.115Z", "updated_at": "2023-06-14T16:06:06.126Z", "vendors": [8, 6]}}, {"model": "orders.order", "pk": 50, "fields": {"user": 47, "payment": null, "order_number": "2023061416062150", "first_name": "Yashira", "last_name": "Zaman", "phone": "5714562389", "email": "ayana07@yahoo.com", "address": "446 Russell Street, Hadley, MA, USA", "country": "United States", "state": "Massachusetts", "city": "Hadley", "zip_code": "01035", "total": 30.95, "tax_data": null, "total_data": "{\"6\": [\"15.98\"], \"8\": [\"14.97\"]}", "total_tax": 0.0, "payment_method": "PayPal", "status": "New", "is_ordered": false, "created_at": "2023-06-14T16:06:21.892Z", "updated_at": "2023-06-14T16:06:21.910Z", "vendors": [8, 6]}}, {"model": "orders.order", "pk": 51, "fields": {"user": 47, "payment": null, "order_number": "2023061416081551", "first_name": "Yashira", "last_name": "Zaman", "phone": "5714562389", "email": "ayana07@yahoo.com", "address": "446 Russell Street, Hadley, MA, USA", "country": "United States", "state": "Massachusetts", "city": "Hadley", "zip_code": "01035", "total": 30.95, "tax_data": null, "total_data": "{\"6\": [\"15.98\"], \"8\": [\"14.97\"]}", "total_tax": 0.0, "payment_method": "PayPal", "status": "New", "is_ordered": false, "created_at": "2023-06-14T16:08:15.199Z", "updated_at": "2023-06-14T16:08:15.211Z", "vendors": [8, 6]}}, {"model": "orders.order", "pk": 52, "fields": {"user": 47, "payment": null, "order_number": "2023061417034252", "first_name": "Yashira", "last_name": "Zaman", "phone": "5714562389", "email": "ayana07@yahoo.com", "address": "446 Russell Street, Hadley, MA, USA", "country": "United States", "state": "Massachusetts", "city": "Hadley", "zip_code": "01035", "total": 30.95, "tax_data": null, "total_data": "{\"6\": [\"15.98\"], \"8\": [\"14.97\"]}", "total_tax": 0.0, "payment_method": "PayPal", "status": "New", "is_ordered": false, "created_at": "2023-06-14T17:03:42.678Z", "updated_at": "2023-06-14T17:03:42.698Z", "vendors": [8, 6]}}, {"model": "orders.order", "pk": 54, "fields": {"user": 47, "payment": 14, "order_number": "2023061420443654", "first_name": "Yashira", "last_name": "Zaman", "phone": "5714562389", "email": "ayana07@yahoo.com", "address": "446 Russell Street, Hadley, MA, USA", "country": "United States", "state": "Massachusetts", "city": "Hadley", "zip_code": "01035", "total": 15.98, "tax_data": null, "total_data": "{\"6\": [\"15.98\"]}", "total_tax": 0.0, "payment_method": "PayPal", "status": "New", "is_ordered": true, "created_at": "2023-06-14T20:44:36.500Z", "updated_at": "2023-06-14T20:46:09.901Z", "vendors": [6]}}, {"model": "orders.order", "pk": 55, "fields": {"user": 47, "payment": 15, "order_number": "2023061421005555", "first_name": "Yashira", "last_name": "Zaman", "phone": "5714562389", "email": "ayana07@yahoo.com", "address": "446 Russell Street, Hadley, MA, USA", "country": "United States", "state": "Massachusetts", "city": "Hadley", "zip_code": "01035", "total": 27.95, "tax_data": null, "total_data": "{\"5\": [\"27.95\"]}", "total_tax": 0.0, "payment_method": "PayPal", "status": "New", "is_ordered": true, "created_at": "2023-06-14T21:00:55.153Z", "updated_at": "2023-06-14T21:01:13.203Z", "vendors": []}}, {"model": "orders.order", "pk": 56, "fields": {"user": 47, "payment": 16, "order_number": "2023061421074256", "first_name": "Yashira", "last_name": "Zaman", "phone": "5714562389", "email": "ayana07@yahoo.com", "address": "446 Russell Street, Hadley, MA, USA", "country": "United States", "state": "Massachusetts", "city": "Hadley", "zip_code": "01035", "total": 57.94, "tax_data": null, "total_data": "{\"10\": [\"29.98\"], \"8\": [\"9.98\"], \"5\": [\"17.98\"]}", "total_tax": 0.0, "payment_method": "PayPal", "status": "New", "is_ordered": true, "created_at": "2023-06-14T21:07:42.093Z", "updated_at": "2023-06-14T21:07:52.884Z", "vendors": [8, 10]}}, {"model": "orders.order", "pk": 57, "fields": {"user": 47, "payment": null, "order_number": "2023061522574757", "first_name": "Yashira", "last_name": "Zaman", "phone": "5714562389", "email": "ayana07@yahoo.com", "address": "446 Russell Street, Hadley, MA, USA", "country": "United States", "state": "Massachusetts", "city": "Hadley", "zip_code": "01035", "total": 18.98, "tax_data": null, "total_data": "{\"6\": [\"18.98\"]}", "total_tax": 0.0, "payment_method": "PayPal", "status": "New", "is_ordered": false, "created_at": "2023-06-15T22:57:46.836Z", "updated_at": "2023-06-15T22:57:47.140Z", "vendors": [6]}}, {"model": "orders.order", "pk": 58, "fields": {"user": 47, "payment": null, "order_number": "2023061523061258", "first_name": "Yashira", "last_name": "Zaman", "phone": "5714562389", "email": "ayana07@yahoo.com", "address": "446 Russell Street, Hadley, MA, USA", "country": "United States", "state": "Massachusetts", "city": "Hadley", "zip_code": "01035", "total": 18.98, "tax_data": null, "total_data": "{\"6\": [\"18.98\"]}", "total_tax": 0.0, "payment_method": "PayPal", "status": "New", "is_ordered": false, "created_at": "2023-06-15T23:06:12.170Z", "updated_at": "2023-06-15T23:06:12.178Z", "vendors": [6]}}, {"model": "orders.order", "pk": 59, "fields": {"user": 47, "payment": null, "order_number": "2023061523061859", "first_name": "Yashira", "last_name": "Zaman", "phone": "5714562389", "email": "ayana07@yahoo.com", "address": "446 Russell Street, Hadley, MA, USA", "country": "United States", "state": "Massachusetts", "city": "Hadley", "zip_code": "01035", "total": 18.98, "tax_data": null, "total_data": "{\"6\": [\"18.98\"]}", "total_tax": 0.0, "payment_method": "PayPal", "status": "New", "is_ordered": false, "created_at": "2023-06-15T23:06:18.067Z", "updated_at": "2023-06-15T23:06:18.076Z", "vendors": [6]}}, {"model": "orders.order", "pk": 60, "fields": {"user": 47, "payment": null, "order_number": "2023061523073060", "first_name": "Yashira", "last_name": "Zaman", "phone": "5714562389", "email": "ayana07@yahoo.com", "address": "446 Russell Street, Hadley, MA, USA", "country": "United States", "state": "Massachusetts", "city": "Hadley", "zip_code": "01035", "total": 18.98, "tax_data": null, "total_data": "{\"6\": [\"18.98\"]}", "total_tax": 0.0, "payment_method": "PayPal", "status": "New", "is_ordered": false, "created_at": "2023-06-15T23:07:30.325Z", "updated_at": "2023-06-15T23:07:30.334Z", "vendors": [6]}}, {"model": "orders.order", "pk": 61, "fields": {"user": 47, "payment": null, "order_number": "2023061523084561", "first_name": "Yashira", "last_name": "Zaman", "phone": "5714562389", "email": "ayana07@yahoo.com", "address": "446 Russell Street, Hadley, MA, USA", "country": "United States", "state": "Massachusetts", "city": "Hadley", "zip_code": "01035", "total": 18.98, "tax_data": null, "total_data": "{\"6\": [\"18.98\"]}", "total_tax": 0.0, "payment_method": "PayPal", "status": "New", "is_ordered": false, "created_at": "2023-06-15T23:08:45.099Z", "updated_at": "2023-06-15T23:08:45.118Z", "vendors": [6]}}, {"model": "orders.order", "pk": 62, "fields": {"user": 47, "payment": null, "order_number": "2023061523093662", "first_name": "Yashira", "last_name": "Zaman", "phone": "5714562389", "email": "ayana07@yahoo.com", "address": "446 Russell Street, Hadley, MA, USA", "country": "United States", "state": "Massachusetts", "city": "Hadley", "zip_code": "01035", "total": 18.98, "tax_data": null, "total_data": "{\"6\": [\"18.98\"]}", "total_tax": 0.0, "payment_method": "PayPal", "status": "New", "is_ordered": false, "created_at": "2023-06-15T23:09:36.085Z", "updated_at": "2023-06-15T23:09:36.096Z", "vendors": [6]}}, {"model": "orders.order", "pk": 63, "fields": {"user": 47, "payment": null, "order_number": "2023061523103663", "first_name": "Yashira", "last_name": "Zaman", "phone": "5714562389", "email": "ayana07@yahoo.com", "address": "446 Russell Street, Hadley, MA, USA", "country": "United States", "state": "Massachusetts", "city": "Hadley", "zip_code": "01035", "total": 18.98, "tax_data": null, "total_data": "{\"6\": [\"18.98\"]}", "total_tax": 0.0, "payment_method": "PayPal", "status": "New", "is_ordered": false, "created_at": "2023-06-15T23:10:36.238Z", "updated_at": "2023-06-15T23:10:36.248Z", "vendors": [6]}}, {"model": "orders.order", "pk": 64, "fields": {"user": 47, "payment": null, "order_number": "2023061523121164", "first_name": "Yashira", "last_name": "Zaman", "phone": "5714562389", "email": "ayana07@yahoo.com", "address": "446 Russell Street, Hadley, MA, USA", "country": "United States", "state": "Massachusetts", "city": "Hadley", "zip_code": "01035", "total": 18.98, "tax_data": null, "total_data": "{\"6\": [\"18.98\"]}", "total_tax": 0.0, "payment_method": "PayPal", "status": "New", "is_ordered": false, "created_at": "2023-06-15T23:12:11.231Z", "updated_at": "2023-06-15T23:12:11.239Z", "vendors": [6]}}, {"model": "orders.order", "pk": 65, "fields": {"user": 47, "payment": null, "order_number": "2023061523131965", "first_name": "Yashira", "last_name": "Zaman", "phone": "5714562389", "email": "ayana07@yahoo.com", "address": "446 Russell Street, Hadley, MA, USA", "country": "United States", "state": "Massachusetts", "city": "Hadley", "zip_code": "01035", "total": 18.98, "tax_data": null, "total_data": "{\"6\": [\"18.98\"]}", "total_tax": 0.0, "payment_method": "PayPal", "status": "New", "is_ordered": false, "created_at": "2023-06-15T23:13:19.430Z", "updated_at": "2023-06-15T23:13:19.440Z", "vendors": [6]}}, {"model": "orders.order", "pk": 66, "fields": {"user": 47, "payment": null, "order_number": "2023061523184566", "first_name": "Yashira", "last_name": "Zaman", "phone": "5714562389", "email": "ayana07@yahoo.com", "address": "446 Russell Street, Hadley, MA, USA", "country": "United States", "state": "Massachusetts", "city": "Hadley", "zip_code": "01035", "total": 18.98, "tax_data": null, "total_data": "{\"6\": [\"18.98\"]}", "total_tax": 0.0, "payment_method": "PayPal", "status": "New", "is_ordered": false, "created_at": "2023-06-15T23:18:45.778Z", "updated_at": "2023-06-15T23:18:45.786Z", "vendors": [6]}}, {"model": "orders.order", "pk": 67, "fields": {"user": 47, "payment": null, "order_number": "2023061523190267", "first_name": "Yashira", "last_name": "Zaman", "phone": "5714562389", "email": "ayana07@yahoo.com", "address": "446 Russell Street, Hadley, MA, USA", "country": "United States", "state": "Massachusetts", "city": "Hadley", "zip_code": "01035", "total": 18.98, "tax_data": null, "total_data": "{\"6\": [\"18.98\"]}", "total_tax": 0.0, "payment_method": "PayPal", "status": "New", "is_ordered": false, "created_at": "2023-06-15T23:19:02.161Z", "updated_at": "2023-06-15T23:19:02.169Z", "vendors": [6]}}, {"model": "orders.order", "pk": 68, "fields": {"user": 47, "payment": null, "order_number": "2023061523191368", "first_name": "Yashira", "last_name": "Zaman", "phone": "5714562389", "email": "ayana07@yahoo.com", "address": "446 Russell Street, Hadley, MA, USA", "country": "United States", "state": "Massachusetts", "city": "Hadley", "zip_code": "01035", "total": 18.98, "tax_data": null, "total_data": "{\"6\": [\"18.98\"]}", "total_tax": 0.0, "payment_method": "PayPal", "status": "New", "is_ordered": false, "created_at": "2023-06-15T23:19:13.852Z", "updated_at": "2023-06-15T23:19:13.859Z", "vendors": [6]}}, {"model": "orders.order", "pk": 69, "fields": {"user": 47, "payment": null, "order_number": "2023061523203669", "first_name": "Yashira", "last_name": "Zaman", "phone": "5714562389", "email": "ayana07@yahoo.com", "address": "446 Russell Street, Hadley, MA, USA", "country": "United States", "state": "Massachusetts", "city": "Hadley", "zip_code": "01035", "total": 18.98, "tax_data": null, "total_data": "{\"6\": [\"18.98\"]}", "total_tax": 0.0, "payment_method": "PayPal", "status": "New", "is_ordered": false, "created_at": "2023-06-15T23:20:36.217Z", "updated_at": "2023-06-15T23:20:36.226Z", "vendors": [6]}}, {"model": "orders.order", "pk": 70, "fields": {"user": 47, "payment": null, "order_number": "2023061523240270", "first_name": "Yashira", "last_name": "Zaman", "phone": "5714562389", "email": "ayana07@yahoo.com", "address": "446 Russell Street, Hadley, MA, USA", "country": "United States", "state": "Massachusetts", "city": "Hadley", "zip_code": "01035", "total": 18.98, "tax_data": null, "total_data": "{\"6\": [\"18.98\"]}", "total_tax": 0.0, "payment_method": "PayPal", "status": "New", "is_ordered": false, "created_at": "2023-06-15T23:24:02.399Z", "updated_at": "2023-06-15T23:24:02.407Z", "vendors": [6]}}, {"model": "orders.order", "pk": 71, "fields": {"user": 47, "payment": null, "order_number": "2023061523243471", "first_name": "Yashira", "last_name": "Zaman", "phone": "5714562389", "email": "ayana07@yahoo.com", "address": "446 Russell Street, Hadley, MA, USA", "country": "United States", "state": "Massachusetts", "city": "Hadley", "zip_code": "01035", "total": 18.98, "tax_data": null, "total_data": "{\"6\": [\"18.98\"]}", "total_tax": 0.0, "payment_method": "PayPal", "status": "New", "is_ordered": false, "created_at": "2023-06-15T23:24:34.747Z", "updated_at": "2023-06-15T23:24:34.755Z", "vendors": [6]}}, {"model": "orders.order", "pk": 72, "fields": {"user": 47, "payment": null, "order_number": "2023061523260172", "first_name": "Yashira", "last_name": "Zaman", "phone": "5714562389", "email": "ayana07@yahoo.com", "address": "446 Russell Street, Hadley, MA, USA", "country": "United States", "state": "Massachusetts", "city": "Hadley", "zip_code": "01035", "total": 18.98, "tax_data": null, "total_data": "{\"6\": [\"18.98\"]}", "total_tax": 0.0, "payment_method": "PayPal", "status": "New", "is_ordered": false, "created_at": "2023-06-15T23:26:01.823Z", "updated_at": "2023-06-15T23:26:01.832Z", "vendors": [6]}}, {"model": "orders.order", "pk": 73, "fields": {"user": 47, "payment": null, "order_number": "2023061523263073", "first_name": "Yashira", "last_name": "Zaman", "phone": "5714562389", "email": "ayana07@yahoo.com", "address": "446 Russell Street, Hadley, MA, USA", "country": "United States", "state": "Massachusetts", "city": "Hadley", "zip_code": "01035", "total": 18.98, "tax_data": null, "total_data": "{\"6\": [\"18.98\"]}", "total_tax": 0.0, "payment_method": "PayPal", "status": "New", "is_ordered": false, "created_at": "2023-06-15T23:26:30.701Z", "updated_at": "2023-06-15T23:26:30.710Z", "vendors": [6]}}, {"model": "orders.order", "pk": 74, "fields": {"user": 47, "payment": null, "order_number": "2023061523264774", "first_name": "Yashira", "last_name": "Zaman", "phone": "5714562389", "email": "ayana07@yahoo.com", "address": "446 Russell Street, Hadley, MA, USA", "country": "United States", "state": "Massachusetts", "city": "Hadley", "zip_code": "01035", "total": 18.98, "tax_data": null, "total_data": "{\"6\": [\"18.98\"]}", "total_tax": 0.0, "payment_method": "PayPal", "status": "New", "is_ordered": false, "created_at": "2023-06-15T23:26:47.355Z", "updated_at": "2023-06-15T23:26:47.362Z", "vendors": [6]}}, {"model": "orders.order", "pk": 75, "fields": {"user": 47, "payment": null, "order_number": "2023061523281175", "first_name": "Yashira", "last_name": "Zaman", "phone": "5714562389", "email": "ayana07@yahoo.com", "address": "446 Russell Street, Hadley, MA, USA", "country": "United States", "state": "Massachusetts", "city": "Hadley", "zip_code": "01035", "total": 18.98, "tax_data": null, "total_data": "{\"6\": [\"18.98\"]}", "total_tax": 0.0, "payment_method": "PayPal", "status": "New", "is_ordered": false, "created_at": "2023-06-15T23:28:11.192Z", "updated_at": "2023-06-15T23:28:11.200Z", "vendors": [6]}}, {"model": "orders.order", "pk": 76, "fields": {"user": 47, "payment": null, "order_number": "2023061523283876", "first_name": "Yashira", "last_name": "Zaman", "phone": "5714562389", "email": "ayana07@yahoo.com", "address": "446 Russell Street, Hadley, MA, USA", "country": "United States", "state": "Massachusetts", "city": "Hadley", "zip_code": "01035", "total": 18.98, "tax_data": null, "total_data": "{\"6\": [\"18.98\"]}", "total_tax": 0.0, "payment_method": "PayPal", "status": "New", "is_ordered": false, "created_at": "2023-06-15T23:28:38.564Z", "updated_at": "2023-06-15T23:28:38.574Z", "vendors": [6]}}, {"model": "orders.order", "pk": 77, "fields": {"user": 47, "payment": null, "order_number": "2023061523285177", "first_name": "Yashira", "last_name": "Zaman", "phone": "5714562389", "email": "ayana07@yahoo.com", "address": "446 Russell Street, Hadley, MA, USA", "country": "United States", "state": "Massachusetts", "city": "Hadley", "zip_code": "01035", "total": 18.98, "tax_data": null, "total_data": "{\"6\": [\"18.98\"]}", "total_tax": 0.0, "payment_method": "PayPal", "status": "New", "is_ordered": false, "created_at": "2023-06-15T23:28:51.219Z", "updated_at": "2023-06-15T23:28:51.227Z", "vendors": [6]}}, {"model": "orders.order", "pk": 78, "fields": {"user": 47, "payment": null, "order_number": "2023061523291678", "first_name": "Yashira", "last_name": "Zaman", "phone": "5714562389", "email": "ayana07@yahoo.com", "address": "446 Russell Street, Hadley, MA, USA", "country": "United States", "state": "Massachusetts", "city": "Hadley", "zip_code": "01035", "total": 18.98, "tax_data": null, "total_data": "{\"6\": [\"18.98\"]}", "total_tax": 0.0, "payment_method": "PayPal", "status": "New", "is_ordered": false, "created_at": "2023-06-15T23:29:16.276Z", "updated_at": "2023-06-15T23:29:16.284Z", "vendors": [6]}}, {"model": "orders.order", "pk": 79, "fields": {"user": 47, "payment": null, "order_number": "2023061523302379", "first_name": "Yashira", "last_name": "Zaman", "phone": "5714562389", "email": "ayana07@yahoo.com", "address": "446 Russell Street, Hadley, MA, USA", "country": "United States", "state": "Massachusetts", "city": "Hadley", "zip_code": "01035", "total": 18.98, "tax_data": null, "total_data": "{\"6\": [\"18.98\"]}", "total_tax": 0.0, "payment_method": "PayPal", "status": "New", "is_ordered": false, "created_at": "2023-06-15T23:30:23.832Z", "updated_at": "2023-06-15T23:30:23.839Z", "vendors": [6]}}, {"model": "orders.order", "pk": 80, "fields": {"user": 47, "payment": null, "order_number": "2023061523315180", "first_name": "Yashira", "last_name": "Zaman", "phone": "5714562389", "email": "ayana07@yahoo.com", "address": "446 Russell Street, Hadley, MA, USA", "country": "United States", "state": "Massachusetts", "city": "Hadley", "zip_code": "01035", "total": 18.98, "tax_data": null, "total_data": "{\"6\": [\"18.98\"]}", "total_tax": 0.0, "payment_method": "PayPal", "status": "New", "is_ordered": false, "created_at": "2023-06-15T23:31:51.030Z", "updated_at": "2023-06-15T23:31:51.041Z", "vendors": [6]}}, {"model": "orders.order", "pk": 81, "fields": {"user": 47, "payment": null, "order_number": "2023061523332581", "first_name": "Yashira", "last_name": "Zaman", "phone": "5714562389", "email": "ayana07@yahoo.com", "address": "446 Russell Street, Hadley, MA, USA", "country": "United States", "state": "Massachusetts", "city": "Hadley", "zip_code": "01035", "total": 18.98, "tax_data": null, "total_data": "{\"6\": [\"18.98\"]}", "total_tax": 0.0, "payment_method": "PayPal", "status": "New", "is_ordered": false, "created_at": "2023-06-15T23:33:25.542Z", "updated_at": "2023-06-15T23:33:25.551Z", "vendors": [6]}}, {"model": "orders.order", "pk": 82, "fields": {"user": 47, "payment": null, "order_number": "2023061523340982", "first_name": "Yashira", "last_name": "Zaman", "phone": "5714562389", "email": "ayana07@yahoo.com", "address": "446 Russell Street, Hadley, MA, USA", "country": "United States", "state": "Massachusetts", "city": "Hadley", "zip_code": "01035", "total": 18.98, "tax_data": null, "total_data": "{\"6\": [\"18.98\"]}", "total_tax": 0.0, "payment_method": "PayPal", "status": "New", "is_ordered": false, "created_at": "2023-06-15T23:34:09.363Z", "updated_at": "2023-06-15T23:34:09.375Z", "vendors": [6]}}, {"model": "orders.order", "pk": 83, "fields": {"user": 47, "payment": null, "order_number": "2023061523344383", "first_name": "Yashira", "last_name": "Zaman", "phone": "5714562389", "email": "ayana07@yahoo.com", "address": "446 Russell Street, Hadley, MA, USA", "country": "United States", "state": "Massachusetts", "city": "Hadley", "zip_code": "01035", "total": 18.98, "tax_data": null, "total_data": "{\"6\": [\"18.98\"]}", "total_tax": 0.0, "payment_method": "PayPal", "status": "New", "is_ordered": false, "created_at": "2023-06-15T23:34:42.998Z", "updated_at": "2023-06-15T23:34:43.006Z", "vendors": [6]}}, {"model": "orders.order", "pk": 84, "fields": {"user": 47, "payment": null, "order_number": "2023061523370784", "first_name": "Yashira", "last_name": "Zaman", "phone": "5714562389", "email": "ayana07@yahoo.com", "address": "446 Russell Street, Hadley, MA, USA", "country": "United States", "state": "Massachusetts", "city": "Hadley", "zip_code": "01035", "total": 18.98, "tax_data": null, "total_data": "{\"6\": [\"18.98\"]}", "total_tax": 0.0, "payment_method": "PayPal", "status": "New", "is_ordered": false, "created_at": "2023-06-15T23:37:07.443Z", "updated_at": "2023-06-15T23:37:07.450Z", "vendors": [6]}}, {"model": "orders.order", "pk": 85, "fields": {"user": 47, "payment": 17, "order_number": "2023061523381485", "first_name": "Yashira", "last_name": "Zaman", "phone": "5714562389", "email": "ayana07@yahoo.com", "address": "446 Russell Street, Hadley, MA, USA", "country": "United States", "state": "Massachusetts", "city": "Hadley", "zip_code": "01035", "total": 18.98, "tax_data": null, "total_data": "{\"6\": [\"18.98\"]}", "total_tax": 0.0, "payment_method": "PayPal", "status": "New", "is_ordered": true, "created_at": "2023-06-15T23:38:14.916Z", "updated_at": "2023-06-15T23:38:37.168Z", "vendors": [6]}}, {"model": "orders.order", "pk": 86, "fields": {"user": 47, "payment": null, "order_number": "2023061600113986", "first_name": "Yashira", "last_name": "Zaman", "phone": "5714562389", "email": "ayana07@yahoo.com", "address": "446 Russell Street, Hadley, MA, USA", "country": "United States", "state": "Massachusetts", "city": "Hadley", "zip_code": "01035", "total": 4.99, "tax_data": null, "total_data": "{\"8\": [\"4.99\"]}", "total_tax": 0.0, "payment_method": "PayPal", "status": "New", "is_ordered": false, "created_at": "2023-06-16T00:11:39.914Z", "updated_at": "2023-06-16T00:11:39.926Z", "vendors": [8]}}, {"model": "orders.order", "pk": 87, "fields": {"user": 47, "payment": null, "order_number": "2023061600120487", "first_name": "Yashira", "last_name": "Zaman", "phone": "5714562389", "email": "ayana07@yahoo.com", "address": "446 Russell Street, Hadley, MA, USA", "country": "United States", "state": "Massachusetts", "city": "Hadley", "zip_code": "01035", "total": 4.99, "tax_data": null, "total_data": "{\"8\": [\"4.99\"]}", "total_tax": 0.0, "payment_method": "PayPal", "status": "New", "is_ordered": false, "created_at": "2023-06-16T00:12:04.208Z", "updated_at": "2023-06-16T00:12:04.216Z", "vendors": [8]}}, {"model": "orders.order", "pk": 88, "fields": {"user": 47, "payment": null, "order_number": "2023061600135588", "first_name": "Yashira", "last_name": "Zaman", "phone": "5714562389", "email": "ayana07@yahoo.com", "address": "446 Russell Street, Hadley, MA, USA", "country": "United States", "state": "Massachusetts", "city": "Hadley", "zip_code": "01035", "total": 4.99, "tax_data": null, "total_data": "{\"8\": [\"4.99\"]}", "total_tax": 0.0, "payment_method": "PayPal", "status": "New", "is_ordered": false, "created_at": "2023-06-16T00:13:55.160Z", "updated_at": "2023-06-16T00:13:55.171Z", "vendors": [8]}}, {"model": "orders.order", "pk": 89, "fields": {"user": 47, "payment": null, "order_number": "2023061600142989", "first_name": "Yashira", "last_name": "Zaman", "phone": "5714562389", "email": "ayana07@yahoo.com", "address": "446 Russell Street, Hadley, MA, USA", "country": "United States", "state": "Massachusetts", "city": "Hadley", "zip_code": "01035", "total": 4.99, "tax_data": null, "total_data": "{\"8\": [\"4.99\"]}", "total_tax": 0.0, "payment_method": "PayPal", "status": "New", "is_ordered": false, "created_at": "2023-06-16T00:14:29.735Z", "updated_at": "2023-06-16T00:14:29.744Z", "vendors": [8]}}, {"model": "orders.order", "pk": 90, "fields": {"user": 47, "payment": null, "order_number": "2023061600145490", "first_name": "Yashira", "last_name": "Zaman", "phone": "5714562389", "email": "ayana07@yahoo.com", "address": "446 Russell Street, Hadley, MA, USA", "country": "United States", "state": "Massachusetts", "city": "Hadley", "zip_code": "01035", "total": 4.99, "tax_data": null, "total_data": "{\"8\": [\"4.99\"]}", "total_tax": 0.0, "payment_method": "PayPal", "status": "New", "is_ordered": false, "created_at": "2023-06-16T00:14:54.958Z", "updated_at": "2023-06-16T00:14:54.965Z", "vendors": [8]}}, {"model": "orders.orderedfood", "pk": 20, "fields": {"order": 38, "payment": 12, "user": 47, "fooditem": 6, "quantity": 2, "price": 7.99, "amount": 15.98, "created_at": "2023-06-14T15:37:43.222Z", "updated_at": "2023-06-14T15:37:43.222Z"}}, {"model": "orders.orderedfood", "pk": 21, "fields": {"order": 38, "payment": 12, "user": 47, "fooditem": 4, "quantity": 3, "price": 4.99, "amount": 14.97, "created_at": "2023-06-14T15:37:43.240Z", "updated_at": "2023-06-14T15:37:43.240Z"}}, {"model": "orders.orderedfood", "pk": 26, "fields": {"order": 54, "payment": 14, "user": 47, "fooditem": 5, "quantity": 2, "price": 7.99, "amount": 15.98, "created_at": "2023-06-14T20:46:10.005Z", "updated_at": "2023-06-14T20:46:10.005Z"}}, {"model": "orders.orderedfood", "pk": 29, "fields": {"order": 56, "payment": 16, "user": 47, "fooditem": 7, "quantity": 2, "price": 14.99, "amount": 29.98, "created_at": "2023-06-14T21:07:52.903Z", "updated_at": "2023-06-14T21:07:52.903Z"}}, {"model": "orders.orderedfood", "pk": 30, "fields": {"order": 56, "payment": 16, "user": 47, "fooditem": 4, "quantity": 2, "price": 4.99, "amount": 9.98, "created_at": "2023-06-14T21:07:52.923Z", "updated_at": "2023-06-14T21:07:52.923Z"}}, {"model": "orders.orderedfood", "pk": 32, "fields": {"order": 85, "payment": 17, "user": 47, "fooditem": 8, "quantity": 1, "price": 10.99, "amount": 10.99, "created_at": "2023-06-15T23:38:37.196Z", "updated_at": "2023-06-15T23:38:37.196Z"}}, {"model": "orders.orderedfood", "pk": 33, "fields": {"order": 85, "payment": 17, "user": 47, "fooditem": 6, "quantity": 1, "price": 7.99, "amount": 7.99, "created_at": "2023-06-15T23:38:37.235Z", "updated_at": "2023-06-15T23:38:37.235Z"}}, {"model": "marketplace.cart", "pk": 46, "fields": {"user": 1, "fooditem": 6, "quantity": 1, "created_at": "2023-06-13T02:23:32.678Z", "updated_at": "2023-06-13T02:23:32.678Z"}}, {"model": "marketplace.cart", "pk": 47, "fields": {"user": 1, "fooditem": 5, "quantity": 1, "created_at": "2023-06-13T02:23:34.154Z", "updated_at": "2023-06-13T02:23:34.154Z"}}, {"model": "marketplace.cart", "pk": 74, "fields": {"user": 47, "fooditem": 4, "quantity": 1, "created_at": "2023-06-16T00:11:25.405Z", "updated_at": "2023-06-16T00:11:25.405Z"}}]